Counting_Rank,0,1
1.0,NNNNNN,3220
2.0,TTTTTT,632
3.0,AAAAAA,603
4.0,CACACA,498
5.0,ACACAC,441
6.0,TGTGTG,395
7.0,GTGTGT,386
8.0,TTTCTT,285
9.0,CTCTCT,277
10.0,AAAGAA,273
11.0,TCTCTC,265
12.0,AAGAAA,264
13.0,TTCTTT,258
14.0,AGAGAG,256
15.0,GAGAGA,246
16.0,TTTTCT,239
17.0,TTTGTT,236
18.0,AACAAA,235
19.0,ACAAAA,232
20.0,AAAACA,231
21.5,AATAAA,229
21.5,TTTAAA,229
23.0,AGAAAA,226
24.0,AAACAA,221
25.0,TAAAAA,220
26.5,TTTTAA,218
26.5,TTTATT,218
28.0,TTGTTT,215
30.0,TTATTT,211
30.0,AAAAAT,211
30.0,TATTTT,211
32.0,AGAGAA,207
33.5,TGTTTT,205
33.5,TTAAAA,205
35.0,TTTTTA,203
36.0,AAAATA,201
37.0,AGAAAG,200
38.0,ATTTTT,198
39.0,ATAAAA,197
40.0,AAATAA,196
41.0,AAAAGA,195
43.0,AGAAGA,191
43.0,CAGAGA,191
43.0,CTTTCT,191
46.0,AGGAAG,189
46.0,TTTTGT,189
46.0,AGGCAG,189
48.0,CAGAGG,186
49.0,CTGCCT,185
50.0,TTTTAT,184
51.0,CATTTT,183
52.0,GAGAAA,181
53.0,TAAAAT,179
54.0,CTTTTT,178
56.0,CACAGA,175
56.0,TCTTCT,175
56.0,AAAAAC,175
58.0,TATATA,174
59.0,CAAAAA,172
60.5,TCTCTG,170
60.5,AAGGAA,170
63.0,TTCTCT,169
63.0,TCTTTT,169
63.0,TCTGTG,169
65.5,GAAAAA,168
65.5,TCTTTC,168
67.5,CAGAAA,167
67.5,AAAATT,167
70.5,AAAAAG,166
70.5,ACAGAG,166
70.5,AAGAGA,166
70.5,TTTTTG,166
73.0,TGCTGG,165
74.0,ATTTTA,161
75.5,ACACAG,160
75.5,AAGAAG,160
78.5,AAAATG,159
78.5,TTTCTG,159
78.5,ATATAT,159
78.5,TTTTTC,159
82.0,GAAAGA,158
82.0,AGACAG,158
82.0,TCTCTT,158
85.0,AGGCTG,157
85.0,CTTCTT,157
85.0,ATAAAT,157
89.0,CCAGCC,156
89.0,ATTAAA,156
89.0,ATTTAT,156
89.0,CAAACA,156
89.0,CTGTCT,156
93.0,AGAAAT,155
93.0,GTTTCT,155
93.0,TTCTTC,155
96.5,TATTTA,153
96.5,CCTCTG,153
96.5,AGGAAA,153
96.5,CTCTGC,153
100.5,TCAGAA,152
100.5,TTCTGT,152
100.5,CTCTGT,152
100.5,TTCCAG,152
104.0,CAGACA,151
104.0,AACTCA,151
104.0,CCAGGA,151
106.5,CTGTGT,150
106.5,CTTCCT,150
108.0,TTTCTC,149
110.0,GAAGAG,148
110.0,TTTCCT,148
110.0,GAGGCA,148
112.0,CAGCCT,147
113.5,CCAGCA,146
113.5,CCTCCT,146
115.5,CTGGGA,145
115.5,TCTCAG,145
119.0,AGCCAG,143
119.0,TTCCTG,143
119.0,CCTGAG,143
119.0,TGAGTT,143
119.0,TGTGTA,143
123.0,CCCAGG,142
123.0,AATTTT,142
123.0,GGAGGG,142
126.0,GGAGAG,141
126.0,CTTCTG,141
126.0,TTTAAT,141
130.0,TTCCTC,140
130.0,TGTCTG,140
130.0,ACACAT,140
130.0,AAAGAG,140
130.0,TCTCCA,140
135.5,CTGGAA,139
135.5,CTCAGA,139
135.5,GGGAGG,139
135.5,ACAGAA,139
135.5,ATTTCT,139
135.5,GGCAGA,139
139.5,CAGCAG,138
139.5,TCCTTT,138
143.5,TGCTTT,137
143.5,TGGAGA,137
143.5,GTTTTT,137
143.5,TCTTCC,137
143.5,TCCCAG,137
143.5,GGTTTT,137
147.5,TTCCTT,136
147.5,CAGAAG,136
151.5,AGGGAA,135
151.5,TTTGAA,135
151.5,AGGAGG,135
151.5,TCCTTC,135
151.5,CTGAGA,135
151.5,AAATGT,135
157.5,CCTGGA,134
157.5,GTCTCT,134
157.5,TCCTCT,134
157.5,TCTGCC,134
157.5,TGTTTG,134
157.5,CTCTCC,134
164.5,CAGGAG,133
164.5,CCTGGG,133
164.5,CTTTCC,133
164.5,TTTTGA,133
164.5,CTTTAA,133
164.5,TCTGCT,133
164.5,AAATGA,133
164.5,GTTTTG,133
173.0,AAGAGG,132
173.0,ATGAAA,132
173.0,AAGCCA,132
173.0,CTGGAG,132
173.0,CTCCCT,132
173.0,CTCTTT,132
173.0,TTTCAT,132
173.0,ACATTT,132
173.0,AAAACC,132
181.5,ATACAT,131
181.5,CTCCAG,131
181.5,CCCTGG,131
181.5,AGCCTG,131
181.5,TCCTGG,131
181.5,AAGGAG,131
181.5,GGAAGA,131
181.5,TGTGAG,131
187.5,ATATTT,130
187.5,TTTATA,130
187.5,GCAGAG,130
187.5,TTTTCC,130
193.0,AAACAG,129
193.0,CAGGCA,129
193.0,ATGTGT,129
193.0,AACACA,129
193.0,TTTTCA,129
193.0,CAGGAA,129
193.0,TCTTCA,129
200.5,TCAGAG,128
200.5,TGCCTC,128
200.5,CAGGGT,128
200.5,TCTGGG,128
200.5,CTCCTG,128
200.5,TCATTT,128
200.5,TAATTT,128
200.5,TTCCCA,128
208.0,GAAGAA,127
208.0,AGAGGA,127
208.0,TTTCCA,127
208.0,TACACA,127
208.0,AGCACT,127
208.0,AAGCAG,127
208.0,TGTCCT,127
216.0,ATTTAA,126
216.0,TTCATT,126
216.0,TCTGTC,126
216.0,CTGCAG,126
216.0,GAGGAA,126
216.0,GCTGGG,126
216.0,AAAGGA,126
216.0,TCAGTG,126
216.0,GAAAAT,126
224.0,TGCTTC,125
224.0,CTGAAA,125
224.0,TAAAGA,125
224.0,CCCAGC,125
224.0,GAGGAG,125
224.0,CTGGCT,125
224.0,CCTGCT,125
233.5,TGTATG,124
233.5,TGAAAA,124
233.5,TCCCTG,124
233.5,AAATTT,124
233.5,TCCTCC,124
233.5,AAATAT,124
233.5,TGAAGA,124
233.5,CAGCCA,124
233.5,AGAAAC,124
233.5,TGGCTG,124
233.5,GGCTGG,124
233.5,TCAGGA,124
243.5,GGAAAG,123
243.5,AAGACA,123
243.5,AGAAGG,123
243.5,GGAGAA,123
243.5,CCAGGC,123
243.5,CCTTCT,123
243.5,CACAAA,123
243.5,TCTTTG,123
254.0,CCAGAG,122
254.0,CACTGT,122
254.0,CTCTTC,122
254.0,TCTGTA,122
254.0,CAGGGA,122
254.0,AAAGCA,122
254.0,TCTGTT,122
254.0,CCATCT,122
254.0,TGGGAG,122
254.0,TTGAGA,122
254.0,TAAATA,122
254.0,TTTCTA,122
254.0,ACTCAG,122
266.5,CTCCCA,121
266.5,TGTCTC,121
266.5,GAGTTC,121
266.5,CAGGCT,121
266.5,AGAATT,121
266.5,TCTCCC,121
266.5,GAGAAG,121
266.5,CCTCCC,121
266.5,CAAAAC,121
266.5,ACTGAG,121
266.5,AAACCA,121
266.5,ACAAAG,121
275.5,CCCAGA,120
275.5,AGGCCA,120
275.5,TCCAGG,120
275.5,TTTCAG,120
275.5,CACATG,120
275.5,CTTCTC,120
285.0,GAAGGA,119
285.0,GCCTGG,119
285.0,TGTTGT,119
285.0,AAATTA,119
285.0,ACAAAC,119
285.0,GAAAAG,119
285.0,TCACAG,119
285.0,TGGTGG,119
285.0,TAGAAA,119
285.0,CTGTGG,119
285.0,TCTGAG,119
285.0,AATGAA,119
285.0,TTTGCT,119
296.0,CCCCAG,118
296.0,GGCAGG,118
296.0,AACAGA,118
296.0,AGTTTT,118
296.0,TTGCTT,118
296.0,AGCAAA,118
296.0,CATACA,118
296.0,TGCTGT,118
296.0,CTGTGA,118
309.5,AGAGGG,117
309.5,AGAACA,117
309.5,TGGAAG,117
309.5,CCTGGC,117
309.5,TGGGTG,117
309.5,ATTTTC,117
309.5,ACATAT,117
309.5,AGGGAG,117
309.5,GACAGC,117
309.5,AACCAA,117
309.5,AGGACA,117
309.5,GTTTGT,117
309.5,TATAAA,117
309.5,CCTTCC,117
309.5,TGCTCT,117
309.5,TGTCTT,117
309.5,GCCTCT,117
309.5,AGAGCA,117
327.0,AAAGAT,116
327.0,CTCCTC,116
327.0,TGTGTT,116
327.0,TGCCTG,116
327.0,AGAGAC,116
327.0,TCAAAA,116
327.0,GCCAGG,116
327.0,TTATTA,116
327.0,TGTTCT,116
327.0,TCTCCT,116
327.0,TGGAAA,116
327.0,CACAGG,116
327.0,GAACTC,116
327.0,GGAGGA,116
327.0,GAAATG,116
327.0,TCCCCA,116
327.0,TGGTTT,116
343.5,TTCTGG,115
343.5,AAATGG,115
343.5,CCTCTC,115
343.5,GCTGTG,115
343.5,TCCCTT,115
343.5,TTCTGA,115
343.5,TATGTA,115
343.5,AGTTCA,115
343.5,CTGAGT,115
343.5,CAGCAC,115
343.5,TTCCCT,115
343.5,CTCTCA,115
343.5,ATCTTT,115
343.5,CCTGCC,115
343.5,TCTGCA,115
343.5,CTGCTG,115
357.5,GAAACA,114
357.5,TGCAGA,114
357.5,CTTTTG,114
357.5,CTCCTT,114
357.5,TCCAGA,114
357.5,TCTTTA,114
357.5,GTGGGG,114
357.5,TCTGAA,114
357.5,CTCTGG,114
357.5,ATCCCA,114
357.5,ACTTTT,114
357.5,CCCACC,114
371.0,TGGGAA,113
371.0,AAAAGG,113
371.0,AACATT,113
371.0,GTGTTT,113
371.0,CCAGCT,113
371.0,GGAAAA,113
371.0,CCTTTT,113
371.0,ATCTCT,113
371.0,GAGGGA,113
371.0,CTTTTC,113
371.0,CTTCAG,113
371.0,TGGCCT,113
371.0,GGGGAG,113
371.0,CTTCCA,113
371.0,CAAGAA,113
383.5,CTCAGT,112
383.5,CCTGTG,112
383.5,CTTTGT,112
383.5,AGAGAT,112
383.5,AAGCAA,112
383.5,ATGGCT,112
383.5,CCAGGG,112
383.5,CTGGGG,112
383.5,GGAAGG,112
383.5,TCTCAA,112
394.5,AGGAGA,111
394.5,CTCACA,111
394.5,AATGTT,111
394.5,CTCAAA,111
394.5,CCACAC,111
394.5,GTCCTG,111
394.5,GCCAGC,111
394.5,ACAGGG,111
394.5,CTTCCC,111
394.5,CTGGCC,111
394.5,ACAGGA,111
394.5,AAAACT,111
407.0,CCCTCT,110
407.0,CCTCAG,110
407.0,ATGTAT,110
407.0,ACTCTG,110
407.0,CAGCAT,110
407.0,TTTTGG,110
407.0,GAGAGG,110
407.0,TCACAA,110
407.0,CTGCTT,110
407.0,CACAGC,110
407.0,ATTTCA,110
407.0,TTTGTG,110
407.0,GCCCTG,110
419.5,AATTTA,109
419.5,ACAGAT,109
419.5,CAAAGA,109
419.5,AATTAA,109
419.5,TTAATT,109
419.5,CTGCTC,109
419.5,ACTGTG,109
419.5,CCAGAA,109
419.5,AGCCCT,109
419.5,TTAAAT,109
419.5,CCAAAA,109
419.5,CCTTTG,109
434.5,CATGGT,108
434.5,TGAAAG,108
434.5,ATGTTT,108
434.5,ACAGCA,108
434.5,ACACTG,108
434.5,GGGAAG,108
434.5,AGTGCT,108
434.5,TTCAAA,108
434.5,CATGCA,108
434.5,AAACAT,108
434.5,TGTGTC,108
434.5,TTCAGA,108
434.5,GCTGAG,108
434.5,ATCTGT,108
434.5,CCACAG,108
434.5,AGTGAG,108
434.5,TGTTTC,108
434.5,ATTTTG,108
446.5,TTCTCA,107
446.5,TACATA,107
446.5,ACACAA,107
446.5,GTTTTC,107
446.5,ATATGT,107
446.5,CTCAGC,107
460.0,ACAACA,106
460.0,CAGCAA,106
460.0,CAGATG,106
460.0,CATGTG,106
460.0,CTGAAG,106
460.0,GCTGGC,106
460.0,AAACAC,106
460.0,AGATGG,106
460.0,CCTTTC,106
460.0,CATTTA,106
460.0,GACAGG,106
460.0,GGACAG,106
460.0,TTGTGT,106
460.0,TTCAGT,106
460.0,TCCCTC,106
460.0,CTCCCC,106
460.0,GGGTGG,106
460.0,AGCAGA,106
460.0,TTATAT,106
460.0,TGAGGA,106
460.0,TAAGAA,106
474.0,AATAAT,105
474.0,TTTGAG,105
474.0,TAAAAG,105
474.0,CCACCA,105
474.0,AGAGGC,105
474.0,TTAAAG,105
474.0,CAGCTT,105
482.5,AGTCAG,104
482.5,TGGCAG,104
482.5,CAAAAT,104
482.5,AGCACA,104
482.5,GGGAGA,104
482.5,CACCAT,104
482.5,CCCTCC,104
482.5,TTCTTG,104
482.5,CAAATG,104
482.5,TGAGAA,104
493.0,ATATAA,103
493.0,AAACTG,103
493.0,TTTGGA,103
493.0,CCTCCA,103
493.0,TCTGGA,103
493.0,CTCACT,103
493.0,AAGATG,103
493.0,AAAATC,103
493.0,TCCTGA,103
493.0,CTTTTA,103
493.0,CTGAGG,103
505.5,TGAAAT,102
505.5,CTAAAA,102
505.5,TACAAA,102
505.5,ATTATT,102
505.5,TTGTCT,102
505.5,AAATCA,102
505.5,AAGAGC,102
505.5,TTTGGT,102
505.5,GTGTGG,102
505.5,AAGAAT,102
505.5,GCCCAG,102
505.5,CATCTT,102
505.5,GTGCTG,102
505.5,GACAGA,102
519.0,AAAAGC,101
519.0,AGCTGT,101
519.0,AAGGCA,101
519.0,ATGAAG,101
519.0,CAGTGT,101
519.0,CTGTTT,101
519.0,TGCACA,101
519.0,TATATT,101
519.0,GAAAGG,101
519.0,AATGAG,101
519.0,ACCAGA,101
519.0,TGTGGG,101
519.0,CTCAGG,101
531.5,TAATAA,100
531.5,TTTCCC,100
531.5,TTATAA,100
531.5,CACATA,100
531.5,GAAATA,100
531.5,CTTAAA,100
531.5,TCCAGC,100
531.5,TTGCTG,100
531.5,CTCTGA,100
531.5,TGGCTT,100
531.5,TAAGAG,100
531.5,AGAAGT,100
548.5,CACTGG,99
548.5,CATCTC,99
548.5,AATATA,99
548.5,TACATT,99
548.5,TCCTGT,99
548.5,CTGCAT,99
548.5,TGTGGA,99
548.5,AACAGG,99
548.5,GAGACA,99
548.5,CAGCTC,99
548.5,GGAAAT,99
548.5,AATTCT,99
548.5,TATGTG,99
548.5,AGCAGC,99
548.5,CTGAGC,99
548.5,TTGGTT,99
548.5,GGGGGG,99
548.5,ACCAAA,99
548.5,ATTCTT,99
548.5,TGCCTT,99
548.5,ATTCTG,99
548.5,TCTTGT,99
567.5,TTCCAA,98
567.5,TCCTGC,98
567.5,ACAAAT,98
567.5,GGGAAA,98
567.5,ATAATA,98
567.5,CTGGGT,98
567.5,CCTCTT,98
567.5,TCCCAC,98
567.5,AATGGA,98
567.5,AGCTGA,98
567.5,AAAGGC,98
567.5,TTCCAT,98
567.5,GCTCAG,98
567.5,TGATTT,98
567.5,CAGAGT,98
567.5,ACATGG,98
584.5,ATGGAA,97
584.5,TGAAAC,97
584.5,ACAAGG,97
584.5,TGGACA,97
584.5,ATAATT,97
584.5,TGTAAA,97
584.5,GGTGTG,97
584.5,CATTTC,97
584.5,CACAGT,97
584.5,CAGTGA,97
584.5,GGTGGG,97
584.5,CTGTAA,97
584.5,TACAGA,97
584.5,AGGGGA,97
584.5,CTCTTG,97
584.5,TTCTCC,97
584.5,TGTGCA,97
584.5,AGAGTG,97
607.5,ACTGAA,96
607.5,TAAAAC,96
607.5,CACTGA,96
607.5,AGACAC,96
607.5,CAACAA,96
607.5,TTACAG,96
607.5,CCTGGT,96
607.5,TGGGGG,96
607.5,TCTTAA,96
607.5,GGAGGC,96
607.5,ATTTGT,96
607.5,CTGTCC,96
607.5,CCATTT,96
607.5,GATGGA,96
607.5,AGTTTG,96
607.5,CATCTG,96
607.5,GCAGAA,96
607.5,ATCCCT,96
607.5,GTGTCT,96
607.5,AATACA,96
607.5,ACCCTG,96
607.5,ATGGTG,96
607.5,TTTAAG,96
607.5,CTATTT,96
607.5,TTCTGC,96
607.5,CAAAAG,96
607.5,CAGAGC,96
607.5,ACATGT,96
633.0,AAATCT,95
633.0,CACTTT,95
633.0,AATTTC,95
633.0,AGAACT,95
633.0,AATGCT,95
633.0,TAGAGA,95
633.0,ATCTCA,95
633.0,AAAGGT,95
633.0,AGTCTC,95
633.0,TATTTG,95
633.0,GGCTTT,95
633.0,AATCCC,95
633.0,TGGTGA,95
633.0,CCTGTC,95
633.0,TCCCCT,95
633.0,CAACCA,95
633.0,AAGGGA,95
633.0,CCCAAA,95
633.0,CAGTTT,95
633.0,AGACTG,95
633.0,TCTACA,95
633.0,CCCACT,95
633.0,AGATTT,95
660.5,TGTTTA,94
660.5,GAACAA,94
660.5,ATCAAA,94
660.5,AGCTGG,94
660.5,CATTTG,94
660.5,ATAAAG,94
660.5,TGGCTC,94
660.5,CCCTGA,94
660.5,CAGCTG,94
660.5,AAACCC,94
660.5,TGGGGA,94
660.5,ACTGCT,94
660.5,GTCTGT,94
660.5,TCAGAT,94
660.5,TCACTG,94
660.5,ACCAGG,94
660.5,AGGAAT,94
660.5,TTTGTA,94
660.5,TATACA,94
660.5,AACTTT,94
660.5,CACTCA,94
660.5,CAAAGG,94
660.5,GAGCTG,94
660.5,TTTATG,94
660.5,GAGCCA,94
660.5,AAAGAC,94
660.5,CATATA,94
660.5,CACTCT,94
660.5,ACTTCT,94
660.5,TGCTGA,94
660.5,CAGCCC,94
660.5,CAGAAC,94
694.0,CTTGCT,93
694.0,TCCAAG,93
694.0,AAAAGT,93
694.0,TTGGGG,93
694.0,CAGTGG,93
694.0,GCTGCT,93
694.0,ACAGCT,93
694.0,AACCCT,93
694.0,CCCTTT,93
694.0,CTGGCA,93
694.0,ATGTCT,93
694.0,CACCAC,93
694.0,GAAAAC,93
694.0,AGACAA,93
694.0,TCACCA,93
694.0,TTTTAG,93
694.0,AGAAGC,93
694.0,CATCCT,93
694.0,CTGACT,93
694.0,AGACCA,93
694.0,ATTCCT,93
694.0,AGCTCT,93
694.0,TGTGAT,93
694.0,GTGGGT,93
694.0,CTGTAG,93
694.0,ACTCTT,93
694.0,TTCACA,93
694.0,TGGGGT,93
694.0,GTGAGT,93
694.0,GCAGGA,93
694.0,AGCAAG,93
694.0,CTGACA,93
694.0,ACAGTG,93
694.0,CCCAAG,93
694.0,AAAGGG,93
721.0,CAGGTG,92
721.0,TTGTTG,92
721.0,CCCCCC,92
721.0,CATAAA,92
721.0,GGCTGT,92
721.0,AAACTT,92
721.0,CCAAAG,92
721.0,CTTCAT,92
721.0,AGACAT,92
721.0,CCCTGT,92
721.0,GTGGTG,92
721.0,GCCAGA,92
721.0,TTCTTA,92
721.0,TGGAGG,92
721.0,AGAGGT,92
721.0,GCTCTG,92
721.0,CCCCCA,92
721.0,TTCAGG,92
721.0,AAAGCC,92
736.0,AGTTTC,91
736.0,CAGGGC,91
736.0,GCTGTC,91
736.0,TGCCCA,91
736.0,CACACC,91
736.0,CCCACA,91
736.0,CTGGTG,91
736.0,ACTGTT,91
736.0,AGCCAC,91
736.0,TGTGGT,91
736.0,CTCCAT,91
750.5,ATTATA,90
750.5,CTTTGA,90
750.5,CTGCCA,90
750.5,ACTTCA,90
750.5,ACAGCC,90
750.5,GGTGGT,90
750.5,TTTCAA,90
750.5,GGGTTT,90
750.5,AGCTCA,90
750.5,CAGGAC,90
750.5,GAACAG,90
750.5,AGGGCA,90
750.5,CAGATC,90
750.5,CATTCT,90
750.5,TGCCAG,90
750.5,ATGTGG,90
750.5,CTTTCA,90
750.5,AAGCAT,90
770.5,GTGACA,89
770.5,GGGGTG,89
770.5,TGAGCC,89
770.5,AACAAC,89
770.5,TGCTCA,89
770.5,CAGATT,89
770.5,AGATAA,89
770.5,ACCACA,89
770.5,CTCCAA,89
770.5,CAAGGC,89
770.5,GGCTCT,89
770.5,CACCAG,89
770.5,TAAACA,89
770.5,AAGAAC,89
770.5,CTGCCC,89
770.5,AATTAT,89
770.5,CCTTTA,89
770.5,TGTATA,89
770.5,AAGCTG,89
770.5,GAAGCA,89
770.5,TGATGT,89
770.5,AGAATG,89
795.5,AGCTTC,88
795.5,GGAACA,88
795.5,TGCTTG,88
795.5,TTCTAG,88
795.5,TTGCCT,88
795.5,GTGGCT,88
795.5,TCCTCA,88
795.5,AGCCAT,88
795.5,AATATT,88
795.5,CCCAGT,88
795.5,AAAGTT,88
795.5,ACATAC,88
795.5,TAAAGG,88
795.5,AGAGTT,88
795.5,CTTGGG,88
795.5,ACTCAC,88
795.5,TGGAAT,88
795.5,AGGCAT,88
795.5,GCTTTG,88
795.5,GACCAG,88
795.5,GGCTCA,88
795.5,ATGCTG,88
795.5,AGATCT,88
795.5,AAGTCT,88
795.5,GGCAGC,88
795.5,TCTCAC,88
795.5,TCCTTG,88
795.5,TCTTGA,88
828.0,CCCATT,87
828.0,GGATGG,87
828.0,GACACA,87
828.0,TTGGAA,87
828.0,AGCAGG,87
828.0,AAGATA,87
828.0,GCAGTG,87
828.0,GCAGCA,87
828.0,AAATTC,87
828.0,AGTAAA,87
828.0,CTTGAA,87
828.0,ATGAGA,87
828.0,ACCCAG,87
828.0,TCTATT,87
828.0,AGCTTT,87
828.0,ATTCAA,87
828.0,GTATGT,87
828.0,TGGTGT,87
828.0,ATCCTG,87
828.0,TCATGG,87
828.0,GTCTTT,87
828.0,AACCAC,87
828.0,GAAGAT,87
828.0,ACATGC,87
828.0,GCACAG,87
828.0,CATGGA,87
828.0,ACATCT,87
828.0,AACTGA,87
828.0,ATGGAG,87
828.0,GCCTCC,87
828.0,GGCCAG,87
828.0,CACACT,87
828.0,GTGGAG,87
828.0,CTTCTA,87
828.0,TATTAT,87
828.0,TGAGTG,87
828.0,AAATGC,87
863.5,ACCTCT,86
863.5,ATCTGA,86
863.5,AGGTGG,86
863.5,TGTGAA,86
863.5,CTTGTG,86
863.5,CCAGAT,86
863.5,AAGCCT,86
863.5,TGAGCT,86
863.5,AGTGAA,86
863.5,GAGCAG,86
863.5,CAGTCT,86
863.5,CTGTTG,86
863.5,CAAATT,86
863.5,GATTTT,86
863.5,ACTTTG,86
863.5,TTGATT,86
863.5,TTCTAT,86
863.5,TGCATA,86
863.5,AAATCC,86
863.5,AGGCTT,86
863.5,TGGGTT,86
863.5,TAGGAA,86
863.5,GCTTCT,86
863.5,GTGTAT,86
863.5,GAGATG,86
863.5,GTTCTT,86
863.5,TGTTCC,86
863.5,AGAGCT,86
863.5,ACTTCC,86
863.5,TGGAAC,86
863.5,CCCTGC,86
863.5,CCACTG,86
863.5,TTTACA,86
863.5,CCAAGA,86
896.5,AGCCTT,85
896.5,AGTTCT,85
896.5,TCAAGA,85
896.5,TCCACA,85
896.5,AACTCT,85
896.5,CCACCC,85
896.5,ATCTTC,85
896.5,CTTTAT,85
896.5,GCCTGT,85
896.5,TAACAA,85
896.5,TATATG,85
896.5,AGGGTG,85
896.5,ACACCA,85
896.5,TTCCAC,85
896.5,CCCCTC,85
896.5,TGCAGC,85
896.5,TGAGAG,85
896.5,TCCAGT,85
896.5,CTGGTC,85
896.5,CCTTCA,85
896.5,CCACAT,85
896.5,TCAGCA,85
896.5,TGGGGC,85
896.5,GCTTTT,85
896.5,GTTTCA,85
896.5,GCTCCA,85
896.5,TAAATT,85
896.5,CCTGTT,85
896.5,CCTGCA,85
896.5,CTGTAT,85
896.5,TCAGCT,85
896.5,GTGGAA,85
927.0,TCTCTA,84
927.0,TGGCCA,84
927.0,GAGTTT,84
927.0,CAAAGT,84
927.0,TGCATG,84
927.0,GAGACT,84
927.0,AGCACC,84
927.0,TTGCCA,84
927.0,AAATTG,84
927.0,CTAGAA,84
927.0,ATTCAT,84
927.0,GCTCTT,84
927.0,GCCTGC,84
927.0,TTAGAA,84
927.0,TGAACA,84
927.0,GCCTTT,84
927.0,AGTTCC,84
927.0,AGGTTT,84
927.0,CTGGTT,84
927.0,AGCAAT,84
927.0,GTATTT,84
927.0,CCCCAA,84
927.0,GAAGGG,84
927.0,TATTTC,84
927.0,TGCTGC,84
927.0,AAAGTG,84
927.0,CTCATT,84
927.0,AGTGTG,84
927.0,GCAGCT,84
958.0,TCAAAT,83
958.0,ATGTGA,83
958.0,GAAATT,83
958.0,GAGGCT,83
958.0,CAAGAG,83
958.0,TGTATT,83
958.0,TTATCT,83
958.0,AGTGGG,83
958.0,AAATAG,83
958.0,TTTCAC,83
958.0,TTGGGA,83
958.0,TATGTT,83
958.0,TTTGAT,83
958.0,TCTTAG,83
958.0,GGACTG,83
958.0,CAAATA,83
958.0,CTGATG,83
958.0,ACCTGG,83
958.0,CAACAG,83
958.0,GTGTGC,83
958.0,ACCAAG,83
958.0,ACAATG,83
958.0,TTAAGA,83
958.0,ACCACC,83
958.0,AACCAG,83
958.0,AGGGCT,83
958.0,GGAAGT,83
958.0,TGTGGC,83
958.0,TTCACT,83
958.0,CCACTT,83
958.0,TACTTT,83
958.0,TGACAG,83
958.0,ATACAC,83
986.5,TTTAGT,82
986.5,TTGGCT,82
986.5,GCTGGA,82
986.5,AAGTTT,82
986.5,CACCTG,82
986.5,AATGTG,82
986.5,AATTCA,82
986.5,CCTTGG,82
986.5,GCACAC,82
986.5,AATCTT,82
986.5,CTGGGC,82
986.5,ACAGAC,82
986.5,CTAAAG,82
986.5,TCAGTA,82
986.5,ATTCCA,82
986.5,CAGGGG,82
986.5,AACAGT,82
986.5,TTCATA,82
986.5,GACTGA,82
986.5,TCAGGG,82
986.5,TCAAAG,82
986.5,AAGTAA,82
986.5,CCTCAA,82
986.5,TGCAGG,82
1013.0,GTCTGG,81
1013.0,GAGGGG,81
1013.0,TGAACT,81
1013.0,TGAGGT,81
1013.0,TCTATA,81
1013.0,AGCTGC,81
1013.0,AGCCCA,81
1013.0,TCCATC,81
1013.0,ACTTTC,81
1013.0,CTACAG,81
1013.0,GCCTTG,81
1013.0,ACCTTC,81
1013.0,ATGAAT,81
1013.0,GCTTCA,81
1013.0,AATGGC,81
1013.0,CCAAGT,81
1013.0,GACAAA,81
1013.0,GCTCCC,81
1013.0,AACAAG,81
1013.0,TCATCA,81
1013.0,TGGTCT,81
1013.0,GAATTT,81
1013.0,CCCATG,81
1013.0,GTTGTT,81
1013.0,GAAAGC,81
1013.0,TCAGGC,81
1013.0,CTTGTT,81
1013.0,TCAGTT,81
1013.0,AACAAT,81
1044.0,TCCAAA,80
1044.0,GGGGCT,80
1044.0,GTGGCA,80
1044.0,AAGAGT,80
1044.0,TTGAAA,80
1044.0,TTGTGA,80
1044.0,AACCCA,80
1044.0,GGCCTT,80
1044.0,ATGGGA,80
1044.0,ACCCAC,80
1044.0,CAGAAT,80
1044.0,GAAAGT,80
1044.0,CAGGTT,80
1044.0,GTGGGA,80
1044.0,GGGCAG,80
1044.0,AATAAG,80
1044.0,ACTGTA,80
1044.0,GAAACT,80
1044.0,GGATTT,80
1044.0,TTTTGC,80
1044.0,CCAGGT,80
1044.0,ATCAGA,80
1044.0,GACTGG,80
1044.0,CTGTCA,80
1044.0,AAGTGA,80
1044.0,ATAAAC,80
1044.0,TGGGAT,80
1044.0,GAGTGA,80
1044.0,AGTACA,80
1044.0,GCCACC,80
1044.0,CAAGCC,80
1044.0,TGCCCT,80
1044.0,AGAGCC,80
1076.0,GTTTAT,79
1076.0,TACTCT,79
1076.0,GGCATT,79
1076.0,AGGACT,79
1076.0,TAAAGT,79
1076.0,GGTCCT,79
1076.0,CATTCA,79
1076.0,TGAAGT,79
1076.0,CCTCAC,79
1076.0,TGTAAT,79
1076.0,CATCAC,79
1076.0,TGTACA,79
1076.0,ACTGGA,79
1076.0,TCTCAT,79
1076.0,ATTTGA,79
1076.0,TTTGTC,79
1076.0,TTCAAG,79
1076.0,GGAGCT,79
1076.0,AGCATG,79
1076.0,GAACTG,79
1076.0,GATTTC,79
1076.0,TTACAT,79
1076.0,AATCCA,79
1076.0,ATGGCA,79
1076.0,GTCAGG,79
1076.0,TCTGAT,79
1076.0,GGTGAG,79
1076.0,GGCCTG,79
1076.0,TTGAAG,79
1076.0,AGACTT,79
1076.0,GCTTTC,79
1113.0,AGATGT,78
1113.0,TTCAAT,78
1113.0,TGTCCA,78
1113.0,CATTAT,78
1113.0,AGGAGC,78
1113.0,GATAAA,78
1113.0,ACTGGG,78
1113.0,GATGTG,78
1113.0,CCATCC,78
1113.0,AGCCCC,78
1113.0,AATTTG,78
1113.0,CAGACT,78
1113.0,AGATAT,78
1113.0,AAGTCA,78
1113.0,ATTTCC,78
1113.0,TCTGGC,78
1113.0,GATGAA,78
1113.0,GCAGGT,78
1113.0,TGGTTG,78
1113.0,CTTCAA,78
1113.0,AAGATC,78
1113.0,TTGTTA,78
1113.0,GGTTTG,78
1113.0,AGAACC,78
1113.0,CCATGT,78
1113.0,CTGTGC,78
1113.0,CATCCA,78
1113.0,ATGTAG,78
1113.0,GGTGGA,78
1113.0,GTCATT,78
1113.0,CCTTGA,78
1113.0,ACAGGC,78
1113.0,GTAAAA,78
1113.0,TTTGGG,78
1113.0,CCTGAA,78
1113.0,TTGTAT,78
1113.0,GCAAAA,78
1113.0,AAGACT,78
1113.0,TTCTAA,78
1113.0,CATGAA,78
1113.0,ATGGAT,78
1113.0,TTTGCA,78
1113.0,GTGTGA,78
1153.5,AGTGTT,77
1153.5,AGTAAG,77
1153.5,TGAAGG,77
1153.5,GTCTCA,77
1153.5,CAGTGC,77
1153.5,GCTCTC,77
1153.5,AGTTTA,77
1153.5,TTCATC,77
1153.5,CATCAT,77
1153.5,GCAGGG,77
1153.5,GATGGC,77
1153.5,ACAGTT,77
1153.5,TCACTT,77
1153.5,TTTACT,77
1153.5,AGCATC,77
1153.5,AGGATG,77
1153.5,AAGATT,77
1153.5,AATTGT,77
1153.5,ATTGTT,77
1153.5,TCTAAA,77
1153.5,GGGATT,77
1153.5,AAACTC,77
1153.5,GAAACC,77
1153.5,TGACTC,77
1153.5,TATGCA,77
1153.5,CTGTTC,77
1153.5,TGACCT,77
1153.5,GTGAGG,77
1153.5,ATGCAG,77
1153.5,AACTGG,77
1153.5,CAGATA,77
1153.5,AGATAG,77
1153.5,TTATTC,77
1153.5,TGTAGC,77
1153.5,GGGCCA,77
1153.5,CCCTTC,77
1153.5,GCCAAG,77
1153.5,CCAAGG,77
1190.5,CAAGCT,76
1190.5,GCTTCC,76
1190.5,GACCTG,76
1190.5,GTTTTA,76
1190.5,ACCTGC,76
1190.5,GCATTT,76
1190.5,GAGAAT,76
1190.5,AACTGT,76
1190.5,ACTTGG,76
1190.5,TTCCCC,76
1190.5,AAGTTC,76
1190.5,CCATCA,76
1190.5,AAAGTA,76
1190.5,TATGGG,76
1190.5,CTATAT,76
1190.5,TTCATG,76
1190.5,CACCCC,76
1190.5,GGGATG,76
1190.5,CAAACT,76
1190.5,ATTTGG,76
1190.5,GCATCT,76
1190.5,ATATAC,76
1190.5,TCAGTC,76
1190.5,ACAAGA,76
1190.5,AAGGCT,76
1190.5,GTTCTG,76
1190.5,TCATCT,76
1190.5,GTTTGA,76
1190.5,ACTCAA,76
1190.5,GGTGGC,76
1190.5,ACCTCC,76
1190.5,ATATTA,76
1190.5,TCATAT,76
1190.5,CAGTCA,76
1190.5,GGATTA,76
1190.5,TGACTG,76
1228.5,CCAGAC,75
1228.5,GACTTT,75
1228.5,ACATAA,75
1228.5,AGTCCA,75
1228.5,TGTGAC,75
1228.5,AATCCT,75
1228.5,AGTCTG,75
1228.5,TCCTTA,75
1228.5,GTGAGC,75
1228.5,TTAACT,75
1228.5,TCCATT,75
1228.5,AGGGGC,75
1228.5,CAGGCC,75
1228.5,ACTAAA,75
1228.5,CAAGTG,75
1228.5,GCTACA,75
1228.5,AGCCTC,75
1228.5,CACTTG,75
1228.5,TGACAC,75
1228.5,ATCCAT,75
1228.5,ATCAGT,75
1228.5,CACCTT,75
1228.5,TGATGG,75
1228.5,ATCCTT,75
1228.5,GCCATC,75
1228.5,AGGACC,75
1228.5,CATTAA,75
1228.5,CTTCAC,75
1228.5,CCACCT,75
1228.5,CACATT,75
1228.5,ACTTGT,75
1228.5,TCCCAT,75
1228.5,AATGTA,75
1228.5,TTATGT,75
1228.5,TATGAA,75
1228.5,ATGGTT,75
1228.5,GAAGTT,75
1228.5,AGTCCT,75
1228.5,GTGAGA,75
1228.5,GGGCTG,75
1272.0,AACTCC,74
1272.0,TATAAT,74
1272.0,ACCAGC,74
1272.0,CTTTGG,74
1272.0,GAAGAC,74
1272.0,TTGTCA,74
1272.0,CCAAGC,74
1272.0,CAAGTT,74
1272.0,GTCCCT,74
1272.0,AATCAG,74
1272.0,ATGTAA,74
1272.0,ATATGA,74
1272.0,TTACTT,74
1272.0,GTCAGA,74
1272.0,AGGGTT,74
1272.0,ATGATG,74
1272.0,CATCAG,74
1272.0,TACATG,74
1272.0,AAACCT,74
1272.0,CAAGGG,74
1272.0,TGAATT,74
1272.0,CCCCAC,74
1272.0,TGCTCC,74
1272.0,AATATG,74
1272.0,TTAAGT,74
1272.0,CCATGG,74
1272.0,AGCAGT,74
1272.0,ACCCCA,74
1272.0,CCAGTG,74
1272.0,TAGAAT,74
1272.0,TATCTT,74
1272.0,GCTGCC,74
1272.0,ATCCAG,74
1272.0,GATGTT,74
1272.0,TGCATT,74
1272.0,AATCAA,74
1272.0,TGTCAC,74
1272.0,AAGTGT,74
1272.0,GTCCTT,74
1272.0,CAATGG,74
1272.0,CAAGGA,74
1272.0,CAAGCA,74
1272.0,GCTCCT,74
1272.0,ACACCC,74
1272.0,AAATAC,74
1272.0,AACATA,74
1272.0,ATGACA,74
1318.0,ATTGAA,73
1318.0,CACCCA,73
1318.0,ATGCAT,73
1318.0,AGCTCC,73
1318.0,ATCTAT,73
1318.0,AGACCT,73
1318.0,TTGTAA,73
1318.0,TCACTC,73
1318.0,CTCTAA,73
1318.0,TTAGCT,73
1318.0,ACTGTC,73
1318.0,TGGCTA,73
1318.0,GGCTCC,73
1318.0,TGACAA,73
1318.0,CTGGAT,73
1318.0,AACATG,73
1318.0,TTGAGG,73
1318.0,GTATAT,73
1318.0,TTGTCC,73
1318.0,TGTAAG,73
1318.0,AGAGTC,73
1318.0,TAGCCC,73
1318.0,ACACTC,73
1318.0,GCAGCC,73
1318.0,TTATCA,73
1318.0,TGGGCT,73
1318.0,AGCATT,73
1318.0,ACACTT,73
1318.0,TACTCA,73
1318.0,GAGCTA,73
1318.0,CTCATG,73
1318.0,ACTTGA,73
1318.0,ACAATT,73
1318.0,ATAGAA,73
1318.0,AGTTAA,73
1318.0,AGCCAA,73
1318.0,TAAATG,73
1318.0,AAGGCC,73
1318.0,CAATTT,73
1318.0,AGAATA,73
1318.0,CCCCAT,73
1318.0,TATTAA,73
1318.0,AGGGAT,73
1318.0,TTAACA,73
1318.0,GAATGT,73
1362.5,AACCTG,72
1362.5,ATTGTG,72
1362.5,GCTCAC,72
1362.5,ACATGA,72
1362.5,GAGAGC,72
1362.5,AGATGA,72
1362.5,TCACAC,72
1362.5,AAGTTA,72
1362.5,ATGTAC,72
1362.5,ACCTTG,72
1362.5,GTGCTT,72
1362.5,AGTTGT,72
1362.5,GGCCTC,72
1362.5,CATGTT,72
1362.5,TCTTGG,72
1362.5,GCCCCA,72
1362.5,TACAGG,72
1362.5,GGTTTC,72
1362.5,AGGTAA,72
1362.5,TCAGCC,72
1362.5,TGTTCA,72
1362.5,ATTAAG,72
1362.5,CCACTC,72
1362.5,GGAAAC,72
1362.5,TTGGAG,72
1362.5,GCTTTA,72
1362.5,ATTGCT,72
1362.5,ACTTAG,72
1362.5,ACTACA,72
1362.5,TCACAT,72
1362.5,CCAGTC,72
1362.5,GGGGGA,72
1362.5,AGTCCC,72
1362.5,TCCATG,72
1362.5,GAGGTG,72
1362.5,AGGTCA,72
1362.5,TTCCTA,72
1362.5,GGAGTG,72
1362.5,CTTGGA,72
1362.5,ATGTTG,72
1362.5,CACCTC,72
1362.5,TCATGA,72
1362.5,GTTCCT,72
1362.5,AAGGTG,72
1407.0,ATGCTT,71
1407.0,CCCATC,71
1407.0,TAGCTG,71
1407.0,GAAATC,71
1407.0,CAGGAT,71
1407.0,TAAGGA,71
1407.0,TGCAGT,71
1407.0,GTTTAA,71
1407.0,TGAGGC,71
1407.0,TGGATT,71
1407.0,TAACAT,71
1407.0,TAATTA,71
1407.0,GGAGCA,71
1407.0,TGTTAA,71
1407.0,TTTTAC,71
1407.0,TAGAAG,71
1407.0,TGAGCA,71
1407.0,TTAATA,71
1407.0,CAGTTC,71
1407.0,GTGCAG,71
1407.0,CCCTTG,71
1407.0,AATTGA,71
1407.0,TGTTGG,71
1407.0,TTAATC,71
1407.0,GAAGTG,71
1407.0,TGTCAG,71
1407.0,AGACTC,71
1407.0,CACCCT,71
1407.0,ATGCAA,71
1407.0,CACAAG,71
1407.0,GTGAAG,71
1407.0,CAATGA,71
1407.0,GCTGCA,71
1407.0,GGCTGC,71
1407.0,CTTGGT,71
1407.0,TGTGCT,71
1407.0,CTTGTC,71
1407.0,TGTAGA,71
1407.0,TATGAG,71
1407.0,GTCTCC,71
1407.0,TAATAT,71
1407.0,TAGCAT,71
1407.0,GGAGAT,71
1407.0,GTTCCA,71
1407.0,TCTTGC,71
1445.0,ACTGCA,70
1445.0,GGTCAG,70
1445.0,GCCTCA,70
1445.0,ATCACA,70
1445.0,CCATGA,70
1445.0,TGAGGG,70
1445.0,CAGTAA,70
1445.0,ACCATC,70
1445.0,GAATGA,70
1445.0,AGGCAA,70
1445.0,GAGAAC,70
1445.0,GTCTTC,70
1445.0,TGGTGC,70
1445.0,GCAAAG,70
1445.0,CCCTCA,70
1445.0,ATAACT,70
1445.0,TTATGA,70
1445.0,TAGTTT,70
1445.0,AGGAAC,70
1445.0,GATGGT,70
1445.0,TGCTAT,70
1445.0,ACAGGT,70
1445.0,TGGAGC,70
1445.0,TGTGCC,70
1445.0,AGTGGA,70
1445.0,CATTCC,70
1445.0,CAAGAT,70
1445.0,CAGCTA,70
1445.0,TGTAGT,70
1445.0,TACCCA,70
1445.0,TGTTGA,70
1487.5,AGGCAC,69
1487.5,TTTAAC,69
1487.5,ATATCT,69
1487.5,AACTAA,69
1487.5,TTGCTC,69
1487.5,TTACTG,69
1487.5,TTGCAA,69
1487.5,ACTCCA,69
1487.5,AATAGA,69
1487.5,CAAATC,69
1487.5,ATCATT,69
1487.5,GGAACT,69
1487.5,GATAGA,69
1487.5,AGCTAG,69
1487.5,GCCATG,69
1487.5,CAGGTA,69
1487.5,CTGATT,69
1487.5,AGATCA,69
1487.5,GAACAT,69
1487.5,TAATGA,69
1487.5,ACATTG,69
1487.5,CCAACA,69
1487.5,CATGGC,69
1487.5,CTCTTA,69
1487.5,TCAGAC,69
1487.5,TGAGAT,69
1487.5,CCAAAC,69
1487.5,GGCCAT,69
1487.5,ATGCCA,69
1487.5,TAGTCT,69
1487.5,TCAATG,69
1487.5,GGCAAA,69
1487.5,CCATGC,69
1487.5,TCAATT,69
1487.5,CCAAAT,69
1487.5,GAGGAC,69
1487.5,GAATGG,69
1487.5,GCAGAT,69
1487.5,AACACT,69
1487.5,GGTGCT,69
1487.5,CAATGT,69
1487.5,GAGCCT,69
1487.5,AGCTTG,69
1487.5,CTATCT,69
1487.5,CTTACA,69
1487.5,CACTGC,69
1487.5,CAAGGT,69
1487.5,GTTCAG,69
1487.5,GCAGGC,69
1487.5,TCATTA,69
1487.5,AAAGTC,69
1487.5,CATGGG,69
1487.5,AGTCAC,69
1487.5,GGGGAA,69
1538.0,ATGTGC,68
1538.0,GAAGCC,68
1538.0,GACCCA,68
1538.0,TGCAAA,68
1538.0,TTAGGA,68
1538.0,GGACTT,68
1538.0,GACTGT,68
1538.0,GGACCT,68
1538.0,CAACTG,68
1538.0,TCTTAT,68
1538.0,CCTGAT,68
1538.0,AGGCTC,68
1538.0,GTTCAA,68
1538.0,ACTCCT,68
1538.0,GGCTGA,68
1538.0,GCATGT,68
1538.0,CTACCA,68
1538.0,AATGCA,68
1538.0,CTCACC,68
1538.0,GAAGCT,68
1538.0,ATCTTG,68
1538.0,CTTAGT,68
1538.0,GCACTG,68
1538.0,CCTCAT,68
1538.0,AAACTA,68
1538.0,TGGATG,68
1538.0,TTGTTC,68
1538.0,ATTACA,68
1538.0,AACTTG,68
1538.0,GGCTTG,68
1538.0,AAGGTT,68
1538.0,ACTTAA,68
1538.0,GTGACT,68
1538.0,CTACAT,68
1538.0,CAAACC,68
1538.0,ATTCCC,68
1538.0,TTGGTG,68
1538.0,TCAGGT,68
1538.0,GAGCAA,68
1538.0,GTTGTG,68
1538.0,GGGCAT,68
1538.0,GAATTA,68
1538.0,CACTCC,68
1538.0,ACTCAT,68
1538.0,ACTTTA,68
1538.0,GTGTCA,68
1538.0,GCATCA,68
1586.5,GCACAT,67
1586.5,GATTTA,67
1586.5,ATTCAG,67
1586.5,TGAAGC,67
1586.5,GATGCT,67
1586.5,GCTGTT,67
1586.5,AGGTCT,67
1586.5,GGATCT,67
1586.5,ATGGGT,67
1586.5,ACTCCC,67
1586.5,TTGACT,67
1586.5,GTCACT,67
1586.5,AATGAT,67
1586.5,AAGTGG,67
1586.5,GTTCAT,67
1586.5,ATTAAT,67
1586.5,GGGTCT,67
1586.5,TTGGAT,67
1586.5,GTTTCC,67
1586.5,ATGATT,67
1586.5,GTGCAT,67
1586.5,AGACTA,67
1586.5,AATAAC,67
1586.5,ATGTTC,67
1586.5,CCTGAC,67
1586.5,TGCCAC,67
1586.5,ATTCTA,67
1586.5,ATACAG,67
1586.5,TAAGTT,67
1586.5,GGAGCC,67
1586.5,TAGAGG,67
1586.5,ACATAG,67
1586.5,TGGCAC,67
1586.5,TAACTT,67
1586.5,TAGACC,67
1586.5,GACAGT,67
1586.5,ACAAGC,67
1586.5,CCCCTT,67
1586.5,TCCTAA,67
1586.5,CTTGCC,67
1586.5,GAGTCA,67
1586.5,ACCATG,67
1586.5,GGATGT,67
1586.5,CTTAGC,67
1586.5,GGCTTC,67
1586.5,GAGGAT,67
1586.5,GCAAAT,67
1586.5,ACTAAG,67
1586.5,GGAATT,67
1586.5,GGAGGT,67
1631.5,GCATTC,66
1631.5,ATGCCC,66
1631.5,TATTCA,66
1631.5,ACCCAT,66
1631.5,ATACAA,66
1631.5,ATAGCA,66
1631.5,ACTCTC,66
1631.5,TCTAGA,66
1631.5,TGAGAC,66
1631.5,TTGAGT,66
1631.5,CCTCTA,66
1631.5,TAGATT,66
1631.5,TCCCCC,66
1631.5,GACTCT,66
1631.5,ATCAGC,66
1631.5,CCATTC,66
1631.5,ACAACC,66
1631.5,TTTATC,66
1631.5,CTACCT,66
1631.5,TCATTG,66
1631.5,AGAATC,66
1631.5,TACCTT,66
1631.5,TAGATG,66
1631.5,ACATTA,66
1631.5,CTGGAC,66
1631.5,CACAAC,66
1631.5,TGCAAG,66
1631.5,AGATGC,66
1631.5,AATGTC,66
1631.5,AACAGC,66
1631.5,CAAAGC,66
1631.5,TGGGTA,66
1631.5,CTTTAG,66
1631.5,ACCAGT,66
1631.5,CCCCTG,66
1631.5,GACATT,66
1631.5,CATGCT,66
1631.5,GGGTGA,66
1631.5,AGTCTT,66
1631.5,AGTATT,66
1674.5,GGGGCA,65
1674.5,TAGGCT,65
1674.5,AATATC,65
1674.5,TAATCC,65
1674.5,GCATGG,65
1674.5,GGCAGT,65
1674.5,ACTATT,65
1674.5,AGTCAT,65
1674.5,TCACCT,65
1674.5,GTGTTG,65
1674.5,TATAGA,65
1674.5,GAATAT,65
1674.5,AGACCC,65
1674.5,TCCACT,65
1674.5,CTGAAC,65
1674.5,GCTGAA,65
1674.5,GGTGTT,65
1674.5,ATGGCC,65
1674.5,CTGCAC,65
1674.5,TACTTA,65
1674.5,GCATGC,65
1674.5,TGGCAA,65
1674.5,TCCCAA,65
1674.5,TGGAGT,65
1674.5,GGAAGC,65
1674.5,TAAACT,65
1674.5,GCACCA,65
1674.5,AACCTT,65
1674.5,CTGTTA,65
1674.5,AGGTGT,65
1674.5,TTGTAG,65
1674.5,TTACAA,65
1674.5,TTGAAC,65
1674.5,GCCAGT,65
1674.5,AAGCTA,65
1674.5,CTGCAA,65
1674.5,GAACTT,65
1674.5,GTGCCT,65
1674.5,AGTGTC,65
1674.5,AAGGAC,65
1674.5,TCACCC,65
1674.5,GCCTTC,65
1674.5,TGCCAT,65
1674.5,TCATAA,65
1674.5,GTTGCT,65
1674.5,CTCCAC,65
1721.5,GGGAGC,64
1721.5,ATAACA,64
1721.5,ATGAGG,64
1721.5,ACCTCA,64
1721.5,CCCCCT,64
1721.5,CATGTA,64
1721.5,TATTCT,64
1721.5,TATCTG,64
1721.5,CCTAAA,64
1721.5,TAGATA,64
1721.5,CCTTGT,64
1721.5,ACAAGT,64
1721.5,CCTTGC,64
1721.5,GAGGGC,64
1721.5,GGTCTC,64
1721.5,TACTGA,64
1721.5,ATCCTA,64
1721.5,TATTGT,64
1721.5,TTGGCA,64
1721.5,AAGTAT,64
1721.5,CCAACT,64
1721.5,TAGGAG,64
1721.5,CCAGTA,64
1721.5,TCAAGT,64
1721.5,TTCAGC,64
1721.5,GATTTG,64
1721.5,GTCAGC,64
1721.5,GAGTGG,64
1721.5,GGCACA,64
1721.5,AGGTGA,64
1721.5,ACCCAA,64
1721.5,CCAGTT,64
1721.5,ACCTTT,64
1721.5,GCAGTC,64
1721.5,GAATAA,64
1721.5,AGCAAC,64
1721.5,CTCATC,64
1721.5,GGTTCT,64
1721.5,CTAGCT,64
1721.5,TGGTAG,64
1721.5,TCAACA,64
1721.5,ATACCA,64
1721.5,TGGTTC,64
1721.5,ATTATG,64
1721.5,CTTATA,64
1721.5,GCAAGG,64
1721.5,GGCATG,64
1721.5,TGGTAA,64
1771.5,GCCTGA,63
1771.5,CACCAA,63
1771.5,TACACT,63
1771.5,AAGCAC,63
1771.5,GCCCCT,63
1771.5,CTCAAT,63
1771.5,ATACCT,63
1771.5,AATACT,63
1771.5,AAAGCT,63
1771.5,GATCTT,63
1771.5,GAGCAC,63
1771.5,AATTAG,63
1771.5,GAAGGT,63
1771.5,TGCTTA,63
1771.5,TACAGC,63
1771.5,GGTGAA,63
1771.5,GGAATG,63
1771.5,GAGGCC,63
1771.5,AGGAGT,63
1771.5,ATGATA,63
1771.5,CTTGGC,63
1771.5,TTAGAG,63
1771.5,ATGGGG,63
1771.5,TTGAAT,63
1771.5,CTATAA,63
1771.5,TATCTC,63
1771.5,GATATT,63
1771.5,GAATCT,63
1771.5,GAATCA,63
1771.5,TGCCAA,63
1771.5,TCCTAG,63
1771.5,TACAGT,63
1771.5,CAACTT,63
1771.5,GTCATG,63
1771.5,TCACTA,63
1771.5,TAAATC,63
1771.5,GGGACT,63
1771.5,TTAAAC,63
1771.5,GGGAGT,63
1771.5,TGACTT,63
1771.5,CTAAGA,63
1771.5,GTGTTC,63
1771.5,CTTGAG,63
1771.5,CATAGA,63
1771.5,CACTAA,63
1771.5,TGACCC,63
1771.5,ATTTAC,63
1771.5,ATACTT,63
1771.5,TGTTAT,63
1771.5,ATAGCT,63
1771.5,CTGATA,63
1771.5,GGGCTC,63
1825.0,ACCCTC,62
1825.0,AGGCCT,62
1825.0,CATCCC,62
1825.0,GTGCTC,62
1825.0,ATGGTA,62
1825.0,CTTATT,62
1825.0,CATTGC,62
1825.0,TGGACT,62
1825.0,GAGCCC,62
1825.0,CATGCC,62
1825.0,TGCATC,62
1825.0,GAGAGT,62
1825.0,GTGGTT,62
1825.0,TTAGCA,62
1825.0,CAAGAC,62
1825.0,ACTTAT,62
1825.0,GTAAAT,62
1825.0,TGAGTA,62
1825.0,GTGGAT,62
1825.0,TTAATG,62
1825.0,AAGTGC,62
1825.0,TCAAAC,62
1825.0,AGTGTA,62
1825.0,AAGGGG,62
1825.0,AGCTAA,62
1825.0,TATCCA,62
1825.0,ACACCT,62
1825.0,AGAGTA,62
1825.0,GCTTGC,62
1825.0,TTGCTA,62
1825.0,GTCTGC,62
1825.0,GACAAG,62
1825.0,TGAATG,62
1825.0,ACCTGA,62
1825.0,TACTGT,62
1825.0,CAACCT,62
1825.0,TGGCAT,62
1825.0,AGGGTC,62
1825.0,GCCACA,62
1825.0,CAATAA,62
1825.0,GGCCCT,62
1825.0,CTAGAG,62
1825.0,CATCTA,62
1825.0,GATCTG,62
1825.0,AGTAGA,62
1825.0,ACAGTA,62
1825.0,AATGGT,62
1825.0,GTGCCA,62
1825.0,ATCACT,62
1825.0,TCTAAT,62
1825.0,GAGACC,62
1825.0,ACCCCT,62
1825.0,AGCTAT,62
1825.0,CTCAAG,62
1825.0,AAGCTC,62
1874.5,AATGGG,61
1874.5,ATGACT,61
1874.5,TCATGT,61
1874.5,AAGGTA,61
1874.5,ACATCA,61
1874.5,GTATCT,61
1874.5,TCTGGT,61
1874.5,TAACCT,61
1874.5,ATGAGT,61
1874.5,GAGGTC,61
1874.5,GCTGGT,61
1874.5,TAATGT,61
1874.5,TCATGC,61
1874.5,TAAGCT,61
1874.5,CCACAA,61
1874.5,ACAACT,61
1874.5,GATCCT,61
1874.5,TAGCAG,61
1874.5,AGTTGG,61
1874.5,ACTTAC,61
1874.5,TACCTG,61
1874.5,GGATGC,61
1874.5,TAGCCA,61
1874.5,AACTTA,61
1874.5,TGATCT,61
1874.5,TTTAGA,61
1874.5,GTCCCA,61
1874.5,GACTTC,61
1874.5,TGTCAT,61
1874.5,TTCTAC,61
1874.5,GAGCTC,61
1874.5,GATGGG,61
1874.5,AGGATA,61
1874.5,GTTATT,61
1874.5,AATCTC,61
1874.5,GTCCTC,61
1874.5,CTGAAT,61
1874.5,GGAGTT,61
1874.5,AATCTG,61
1874.5,GGATAT,61
1874.5,TGTACT,61
1874.5,GACCTC,61
1874.5,TCAACT,61
1874.5,CTTAGA,61
1916.5,GTGATG,60
1916.5,ATATTC,60
1916.5,GAATTG,60
1916.5,ATTGAG,60
1916.5,GACATG,60
1916.5,GTTCTC,60
1916.5,TGTCCC,60
1916.5,TCATTC,60
1916.5,ATAAGA,60
1916.5,TCTTAC,60
1916.5,GAAGGC,60
1916.5,GTCCAT,60
1916.5,ATAGTT,60
1916.5,TTGGCC,60
1916.5,CTAAGG,60
1916.5,ATCCAC,60
1916.5,AGTGAC,60
1916.5,TTGCAT,60
1916.5,ATGCTC,60
1916.5,TCTACC,60
1916.5,TTTGCC,60
1916.5,GTTCCC,60
1916.5,CATAAT,60
1916.5,TAGGGA,60
1916.5,GTGAAA,60
1916.5,CATATG,60
1916.5,CAACAT,60
1916.5,GGTCTT,60
1916.5,TATACT,60
1916.5,CTGCTA,60
1916.5,TGAATA,60
1916.5,TAGCTT,60
1916.5,GTTGAA,60
1916.5,GGTTTA,60
1916.5,GTAAGA,60
1916.5,TGGTCA,60
1916.5,TGCCCC,60
1916.5,AGATAC,60
1916.5,ATAGCC,60
1916.5,CAATTC,60
1959.0,CTCTAT,59
1959.0,GGTTGG,59
1959.0,GGACAT,59
1959.0,ATGCCT,59
1959.0,TCTGAC,59
1959.0,GGGACA,59
1959.0,GAATTC,59
1959.0,TTAGTT,59
1959.0,ATTTGC,59
1959.0,TGCCTA,59
1959.0,TGACCA,59
1959.0,TTATTG,59
1959.0,AGTGGT,59
1959.0,GTCACA,59
1959.0,GATTCT,59
1959.0,ATTATC,59
1959.0,GCTGAC,59
1959.0,TATCCC,59
1959.0,GTCTTG,59
1959.0,CTAATT,59
1959.0,TAGCCT,59
1959.0,ATCAAT,59
1959.0,CTGACC,59
1959.0,CTATGT,59
1959.0,GTTCTA,59
1959.0,CTAAGC,59
1959.0,CATTGT,59
1959.0,TAAGTA,59
1959.0,AAGTTG,59
1959.0,CTAAAC,59
1959.0,TATCTA,59
1959.0,CTTTAC,59
1959.0,CACTTA,59
1959.0,TCCAAC,59
1959.0,TAATTG,59
1959.0,TTGTGG,59
1959.0,CAGGTC,59
1959.0,GTCAGT,59
1959.0,ATAGAG,59
1959.0,TATCCT,59
1959.0,CACAAT,59
1959.0,GAGCTT,59
1959.0,GCAGTT,59
1959.0,GACCTT,59
1959.0,GAGCAT,59
2003.5,ATCTAG,58
2003.5,TGACAT,58
2003.5,TATCAT,58
2003.5,TAACAG,58
2003.5,CAAGTC,58
2003.5,TCTAGT,58
2003.5,CCTAGA,58
2003.5,CCTTAG,58
2003.5,TAAGCA,58
2003.5,GATTCC,58
2003.5,CAGTAG,58
2003.5,TAGTGT,58
2003.5,TTTAGC,58
2003.5,AAGCCC,58
2003.5,CCTTAT,58
2003.5,GAGGGT,58
2003.5,ATCATC,58
2003.5,CAGTTG,58
2003.5,GTTTGG,58
2003.5,CTACTT,58
2003.5,GTCAAG,58
2003.5,GAGATA,58
2003.5,CAATCT,58
2003.5,ACTTGC,58
2003.5,TTGCAG,58
2003.5,TGATGA,58
2003.5,GTGATT,58
2003.5,ACTGGT,58
2003.5,CTAAAT,58
2003.5,GGTCAT,58
2003.5,ACCATT,58
2003.5,TTGACA,58
2003.5,GCAAGA,58
2003.5,AGTGCC,58
2003.5,ATCTTA,58
2003.5,AATTCC,58
2003.5,AGGCTA,58
2003.5,AACTAT,58
2003.5,TACCAA,58
2003.5,TCCATA,58
2003.5,GATCTC,58
2003.5,TTACCT,58
2003.5,AACTTC,58
2003.5,GCCCTT,58
2053.0,CTTGAT,57
2053.0,AATGAC,57
2053.0,AAGGTC,57
2053.0,CCAACC,57
2053.0,AGCTAC,57
2053.0,ATAGAT,57
2053.0,CTCATA,57
2053.0,TAATTC,57
2053.0,GTAACA,57
2053.0,TCAAGG,57
2053.0,ACCTGT,57
2053.0,ATAATG,57
2053.0,GGGAAT,57
2053.0,CCATTG,57
2053.0,GCCCTC,57
2053.0,TAGGCA,57
2053.0,AATACC,57
2053.0,CATTGA,57
2053.0,ATGTTA,57
2053.0,GTCTGA,57
2053.0,ACCACT,57
2053.0,AACCAT,57
2053.0,TAGACA,57
2053.0,TGATTG,57
2053.0,TAAGAT,57
2053.0,CCTGTA,57
2053.0,ACTGGC,57
2053.0,TAACAC,57
2053.0,TACTAT,57
2053.0,AAGGGC,57
2053.0,AGGGCC,57
2053.0,GAACCA,57
2053.0,TTACTA,57
2053.0,ATGGAC,57
2053.0,GAACAC,57
2053.0,GTGTCC,57
2053.0,ATCTCC,57
2053.0,TAAAGC,57
2053.0,GACACC,57
2053.0,GCCCAC,57
2053.0,ACATTC,57
2053.0,ACAGTC,57
2053.0,GAGGTT,57
2053.0,GGGCTT,57
2053.0,GAGTTA,57
2053.0,GCAAGC,57
2053.0,TTGATG,57
2053.0,ATAGAC,57
2053.0,ACATCC,57
2053.0,AGGTAT,57
2053.0,GGGGTT,57
2053.0,CCTAGG,57
2053.0,TTACCA,57
2053.0,AGGTTG,57
2053.0,GTGAAT,57
2101.0,CAACAC,56
2101.0,TGGATC,56
2101.0,TGGGTC,56
2101.0,ACTGCC,56
2101.0,AATCAC,56
2101.0,GAAGTC,56
2101.0,TTAGAT,56
2101.0,ACTGAC,56
2101.0,CTCTAG,56
2101.0,GATGAT,56
2101.0,GTAGAG,56
2101.0,TCATCC,56
2101.0,TTTACC,56
2101.0,CATGTC,56
2101.0,TCTAAG,56
2101.0,CATGAT,56
2101.0,AGATTA,56
2101.0,CAGTCC,56
2101.0,TACTGG,56
2101.0,TAGTGA,56
2101.0,AGTATA,56
2101.0,TGTTGC,56
2101.0,TGATTA,56
2101.0,TTAGTG,56
2101.0,GGAGAC,56
2101.0,CATATT,56
2101.0,AAGGAT,56
2101.0,AGGATT,56
2101.0,GCTTGG,56
2101.0,TTGGGT,56
2101.0,TCAATA,56
2101.0,GGTCTG,56
2101.0,TGGGCA,56
2101.0,TCTAGG,56
2101.0,AGTTAT,56
2101.0,GCTAAG,56
2101.0,GGGGAT,56
2101.0,CAATTA,56
2101.0,ATTCTC,56
2101.0,AGGTCC,56
2101.0,TTACAC,56
2138.5,TTAAGG,55
2138.5,ATATCC,55
2138.5,TTATAG,55
2138.5,TGATAA,55
2138.5,TAGGTG,55
2138.5,GTAATT,55
2138.5,ATATAG,55
2138.5,TGCACT,55
2138.5,GATGCA,55
2138.5,TCTACT,55
2138.5,ACCCTT,55
2138.5,TAATCT,55
2138.5,TAACTG,55
2138.5,CTTAAT,55
2138.5,AGTACT,55
2138.5,TACAAT,55
2138.5,AGATCC,55
2138.5,CTTGCA,55
2138.5,GGTAGA,55
2138.5,GCTCAT,55
2138.5,TAGTGG,55
2138.5,GACCAA,55
2138.5,TGTCAA,55
2138.5,GGGTTG,55
2138.5,CTAGGA,55
2138.5,GGACAC,55
2138.5,AGGTTC,55
2138.5,TCCACC,55
2138.5,TCTATC,55
2138.5,GTCTTA,55
2138.5,GACTCA,55
2138.5,GATTAA,55
2138.5,ATACTG,55
2138.5,GACTGC,55
2176.0,ACAATA,54
2176.0,TATAGT,54
2176.0,GGTGAT,54
2176.0,TGGGAC,54
2176.0,TACCAG,54
2176.0,CACTTC,54
2176.0,CTTACT,54
2176.0,CAATCC,54
2176.0,TAAACC,54
2176.0,GTAGCT,54
2176.0,ATCTAA,54
2176.0,GATGAG,54
2176.0,TAATGG,54
2176.0,CCCAAT,54
2176.0,GTCCAG,54
2176.0,GGTGCA,54
2176.0,TGTTAG,54
2176.0,GCTATG,54
2176.0,AGGTAG,54
2176.0,GCATAT,54
2176.0,AATAGT,54
2176.0,GCACCT,54
2176.0,GGACCA,54
2176.0,CACATC,54
2176.0,AACATC,54
2176.0,AAGCTT,54
2176.0,GACACT,54
2176.0,ACCAAC,54
2176.0,CTTAAG,54
2176.0,CAATAT,54
2176.0,AGCCTA,54
2176.0,CAACTA,54
2176.0,CATTAG,54
2176.0,CTCCTA,54
2176.0,AATTAC,54
2176.0,CTTTGC,54
2176.0,GAATGC,54
2176.0,CATCAA,54
2176.0,GGGTCA,54
2176.0,GAGTGT,54
2176.0,GATGTC,54
2222.5,ACCTAA,53
2222.5,AGTGAT,53
2222.5,AGATTG,53
2222.5,GGGACC,53
2222.5,GAGTCT,53
2222.5,ATCACC,53
2222.5,ATTGCA,53
2222.5,GAGATC,53
2222.5,ATGCTA,53
2222.5,CATGAC,53
2222.5,TTGATC,53
2222.5,GACCCT,53
2222.5,TTAGGG,53
2222.5,GTTGGT,53
2222.5,AGGGAC,53
2222.5,TAGAAC,53
2222.5,TGGTTA,53
2222.5,GCCATT,53
2222.5,CAACTC,53
2222.5,ACCATA,53
2222.5,TTGGTC,53
2222.5,GAGTTG,53
2222.5,GGGAAC,53
2222.5,GTAGAA,53
2222.5,TACCAT,53
2222.5,ATTGTA,53
2222.5,GGCCAC,53
2222.5,ATGAAC,53
2222.5,TAGTAA,53
2222.5,AACTAG,53
2222.5,ATAGTG,53
2222.5,GCACAA,53
2222.5,TATAGC,53
2222.5,CATTGG,53
2222.5,TGTATC,53
2222.5,GTACCA,53
2222.5,ACCCTA,53
2222.5,GTAGGA,53
2222.5,GCCCCC,53
2222.5,TCTATG,53
2222.5,GTCATC,53
2222.5,TACAAC,53
2222.5,AGTAGG,53
2222.5,GTTAAA,53
2222.5,GTGCTA,53
2222.5,ATCCTC,53
2222.5,GTCAAA,53
2222.5,GGCCAA,53
2222.5,GGGTGT,53
2222.5,ACTGAT,53
2222.5,AGATTC,53
2222.5,ACTATA,53
2270.0,AAGACC,52
2270.0,GTGGCC,52
2270.0,GATATG,52
2270.0,AATGCC,52
2270.0,AGGTGC,52
2270.0,CCTAGT,52
2270.0,GGTCTA,52
2270.0,GTTGGG,52
2270.0,GGAATA,52
2270.0,CAATCA,52
2270.0,TCAAGC,52
2270.0,TACTTG,52
2270.0,GGCAAG,52
2270.0,TAATAC,52
2270.0,CTAGCA,52
2270.0,ATTAGA,52
2270.0,CCCAAC,52
2270.0,ACACTA,52
2270.0,CATAGC,52
2270.0,CTTAGG,52
2270.0,TTCAAC,52
2270.0,AACACC,52
2270.0,AGTAAC,52
2270.0,GCAACA,52
2270.0,CCTTAA,52
2270.0,GCTGAT,52
2270.0,TTAGCC,52
2270.0,GACATA,52
2270.0,ACTCTA,52
2270.0,TGTCTA,52
2270.0,GTTAGA,52
2270.0,ATGTCA,52
2270.0,TATTAG,52
2270.0,GAGATT,52
2270.0,CTAATA,52
2270.0,TACAAG,52
2270.0,GATCCA,52
2270.0,ATCCAA,52
2270.0,TACTAA,52
2270.0,GTACAC,52
2270.0,CTACAA,52
2270.0,AGGGGT,52
2270.0,AGGCCC,52
2308.5,TAGGTA,51
2308.5,GGGGGT,51
2308.5,CAGTTA,51
2308.5,CAAGTA,51
2308.5,ATCAGG,51
2308.5,ATATCA,51
2308.5,CTAAGT,51
2308.5,CCTACA,51
2308.5,ATCTGC,51
2308.5,TCCCTA,51
2308.5,GTCCCC,51
2308.5,CTTGTA,51
2308.5,TGATGC,51
2308.5,ATCTGG,51
2308.5,TAGCTC,51
2308.5,TGAACC,51
2308.5,AAGTAG,51
2308.5,GATACA,51
2308.5,ATGATC,51
2308.5,GGTTAA,51
2308.5,TAACCA,51
2308.5,GTAGCA,51
2308.5,GTTTAG,51
2308.5,ATATTG,51
2308.5,TATGGA,51
2308.5,GGCATC,51
2308.5,TTGTGC,51
2308.5,TATTCC,51
2308.5,ATCCCC,51
2308.5,ATATGC,51
2308.5,TCCTAC,51
2308.5,GATTAT,51
2308.5,GGTTCC,51
2308.5,GTCTAT,51
2345.5,GTTAAT,50
2345.5,GTTTGC,50
2345.5,TATGGT,50
2345.5,TGAGTC,50
2345.5,GTACTG,50
2345.5,CTCAAC,50
2345.5,ATCATG,50
2345.5,AGTGCA,50
2345.5,TGATCA,50
2345.5,GGACAA,50
2345.5,GATGCC,50
2345.5,GTGGGC,50
2345.5,TAGTAT,50
2345.5,AATCAT,50
2345.5,GCATTA,50
2345.5,GTGTAA,50
2345.5,GAACCT,50
2345.5,TACTTC,50
2345.5,GGAGTC,50
2345.5,CAGACC,50
2345.5,GGGCTA,50
2345.5,GTCTAC,50
2345.5,GAGTCC,50
2345.5,TCATAG,50
2345.5,GTGCAC,50
2345.5,TAGACT,50
2345.5,TAGATC,50
2345.5,CTATTC,50
2345.5,TAAGGC,50
2345.5,TGCTAG,50
2345.5,CATACC,50
2345.5,ACCCCC,50
2345.5,GGATGA,50
2345.5,ATAAGT,50
2345.5,GCCAAA,50
2345.5,GCAAGT,50
2345.5,TTTAGG,50
2345.5,TGCAAT,50
2345.5,TAAGTG,50
2345.5,GCACTT,50
2385.0,ATACCC,49
2385.0,GGTACA,49
2385.0,CCCTAA,49
2385.0,GGTAAA,49
2385.0,GCTATT,49
2385.0,GCTGTA,49
2385.0,GTACTT,49
2385.0,TGGTCC,49
2385.0,ATATGG,49
2385.0,TACCTC,49
2385.0,GTACAT,49
2385.0,GATCAG,49
2385.0,AGTTAC,49
2385.0,CCATAG,49
2385.0,TACCAC,49
2385.0,TAAGTC,49
2385.0,ACCTAG,49
2385.0,TATCAA,49
2385.0,TTATGG,49
2385.0,AGTCTA,49
2385.0,GATCCC,49
2385.0,TGTAAC,49
2385.0,ACTATG,49
2385.0,TTGGTA,49
2385.0,TAACTC,49
2385.0,TCCAAT,49
2385.0,TGGTAT,49
2385.0,TTTGGC,49
2385.0,GTAACT,49
2385.0,ATGCAC,49
2385.0,CATAGT,49
2385.0,GAGGTA,49
2385.0,GCAAAC,49
2385.0,CTAGAC,49
2385.0,GCTAGG,49
2385.0,CTAACA,49
2385.0,GGCCCA,49
2385.0,TTGATA,49
2385.0,TCCTAT,49
2423.0,GAGTGC,48
2423.0,GGCTTA,48
2423.0,ATTGAT,48
2423.0,GCTAAA,48
2423.0,ATAAGC,48
2423.0,ACTACT,48
2423.0,GTGTAG,48
2423.0,GTTAAG,48
2423.0,TGGATA,48
2423.0,GGATTC,48
2423.0,GGATAG,48
2423.0,AGGATC,48
2423.0,GCTTGT,48
2423.0,GGTTGT,48
2423.0,GTAGTG,48
2423.0,ATAGGA,48
2423.0,ATCAAG,48
2423.0,CTTACC,48
2423.0,GAACTA,48
2423.0,CAATGC,48
2423.0,CTATGA,48
2423.0,GTACAA,48
2423.0,ATTTAG,48
2423.0,GATAAG,48
2423.0,GCTTAT,48
2423.0,ATTAGG,48
2423.0,TAAGAC,48
2423.0,GTTGTA,48
2423.0,ATGAGC,48
2423.0,CCCTTA,48
2423.0,GTAGTA,48
2423.0,ACTAGA,48
2423.0,TAGAGC,48
2423.0,TTAGGT,48
2423.0,ATGGGC,48
2423.0,ATGGTC,48
2423.0,AGTCAA,48
2459.5,GACTTG,47
2459.5,GTAGTT,47
2459.5,TACATC,47
2459.5,GATAAT,47
2459.5,GGTGAC,47
2459.5,ATTACT,47
2459.5,TAAGGG,47
2459.5,TAATCA,47
2459.5,GGTATG,47
2459.5,CTAGGG,47
2459.5,ATAAGG,47
2459.5,GTTGGA,47
2459.5,ATCTAC,47
2459.5,TTATAC,47
2459.5,GGGGAC,47
2459.5,TGTAGG,47
2459.5,GGTCAC,47
2459.5,TTAGTC,47
2459.5,TAGAGT,47
2459.5,CTCTAC,47
2459.5,AGCATA,47
2459.5,CCCTAT,47
2459.5,GGAACC,47
2459.5,GATTCA,47
2459.5,TAATAG,47
2459.5,TATGAT,47
2459.5,GACTCC,47
2459.5,GTAAAG,47
2459.5,TCAATC,47
2459.5,CTAGTC,47
2459.5,TATGCT,47
2459.5,GGCTAA,47
2459.5,ATTGGA,47
2459.5,GTACAG,47
2459.5,GTAGGT,47
2459.5,GCCCAA,47
2493.0,TAGCTA,46
2493.0,CTGGTA,46
2493.0,AGTTGA,46
2493.0,TGCACC,46
2493.0,GAGTAG,46
2493.0,AGTTAG,46
2493.0,AGGGGG,46
2493.0,AGTATG,46
2493.0,TATGGC,46
2493.0,GGGCAA,46
2493.0,GGACTA,46
2493.0,CCTATT,46
2493.0,GTCACC,46
2493.0,GACAAC,46
2493.0,ACCAAT,46
2493.0,GGTAAG,46
2493.0,GTGAAC,46
2493.0,AATAGC,46
2493.0,GCATGA,46
2493.0,CTAGCC,46
2493.0,GTGTAC,46
2493.0,CCATAT,46
2493.0,GTGACC,46
2493.0,CTATAC,46
2493.0,GGGCCT,46
2493.0,TCATAC,46
2493.0,TTTGAC,46
2493.0,CCTAAG,46
2493.0,CAGTAT,46
2493.0,GGGTAT,46
2493.0,GCACTC,46
2528.0,GTAAGT,45
2528.0,GCATTG,45
2528.0,TGATAT,45
2528.0,CATATC,45
2528.0,GGTGTC,45
2528.0,ATTAGT,45
2528.0,GGTTGC,45
2528.0,GGACTC,45
2528.0,CACCTA,45
2528.0,AAGGGT,45
2528.0,GTTACA,45
2528.0,GTTGCC,45
2528.0,GTAGAC,45
2528.0,AGTAAT,45
2528.0,CAACCC,45
2528.0,TGCTAC,45
2528.0,GGCACT,45
2528.0,GTTGTC,45
2528.0,GTATGG,45
2528.0,AGTAGC,45
2528.0,TGCTAA,45
2528.0,CTAATG,45
2528.0,GACCTA,45
2528.0,GATGAC,45
2528.0,GCATCC,45
2528.0,GAATAG,45
2528.0,CCAATA,45
2528.0,GTCCTA,45
2528.0,GGGTGC,45
2528.0,ATTCAC,45
2528.0,TAACTA,45
2528.0,CTACCC,45
2528.0,CTACTC,45
2528.0,TGGCCC,45
2528.0,TACTCC,45
2528.0,GTAAGG,45
2528.0,TAACCC,45
2528.0,GGGTCC,45
2528.0,CCTAAC,45
2568.5,GGTGCC,44
2568.5,CCTACT,44
2568.5,GTATTC,44
2568.5,TGATTC,44
2568.5,TAGTTA,44
2568.5,CTATTA,44
2568.5,GTATCA,44
2568.5,GCAGAC,44
2568.5,GTAGCC,44
2568.5,ACCTTA,44
2568.5,GGCTAT,44
2568.5,GCCACT,44
2568.5,CCAATG,44
2568.5,CTAGTA,44
2568.5,CCACTA,44
2568.5,AGTAGT,44
2568.5,AATTGG,44
2568.5,TATAAG,44
2568.5,TAGGAC,44
2568.5,CCCTAC,44
2568.5,GGCTAG,44
2568.5,GTATGA,44
2568.5,CCTATA,44
2568.5,GTCCAA,44
2568.5,TGGGCC,44
2568.5,GGTAGG,44
2568.5,ATAGTA,44
2568.5,GTGCCC,44
2568.5,TATTGA,44
2568.5,TGGACC,44
2568.5,CTATGG,44
2568.5,GGAATC,44
2568.5,ATTAAC,44
2568.5,GTGGTA,44
2568.5,CCATAA,44
2568.5,AGCTTA,44
2568.5,CCCTAG,44
2568.5,ATGACC,44
2568.5,TCTAGC,44
2568.5,TTGTAC,44
2568.5,GACTAG,44
2568.5,ATAATC,44
2606.5,GGATAA,43
2606.5,AGTGGC,43
2606.5,CTTATG,43
2606.5,CTTGAC,43
2606.5,AACCTC,43
2606.5,TAAGGT,43
2606.5,GATCAC,43
2606.5,GTAGAT,43
2606.5,GTAGGG,43
2606.5,TTGAGC,43
2606.5,CTGTAC,43
2606.5,GGGTAG,43
2606.5,TGTTAC,43
2606.5,TAGTTG,43
2606.5,GTTGAT,43
2606.5,AACCTA,43
2606.5,CATACT,43
2606.5,TCTAAC,43
2606.5,ATTGGT,43
2606.5,AAGTCC,43
2606.5,GGTCCC,43
2606.5,GTAAGC,43
2606.5,GATCAT,43
2606.5,CTTAAC,43
2606.5,GGCCCC,43
2606.5,ATCATA,43
2606.5,AACCCC,43
2606.5,TATAAC,43
2606.5,CCCATA,43
2606.5,CCCCTA,43
2606.5,GCTTAG,43
2606.5,CTAGTG,43
2606.5,TAATGC,43
2606.5,TTAACC,43
2637.0,GCAATA,42
2637.0,GGCATA,42
2637.0,GCTATA,42
2637.0,CTACTA,42
2637.0,CTAACT,42
2637.0,CTATAG,42
2637.0,CTTATC,42
2637.0,CTACTG,42
2637.0,GAATCC,42
2637.0,GGGTTC,42
2637.0,GACTAA,42
2637.0,TTCACC,42
2637.0,GTGATC,42
2637.0,AAGTAC,42
2637.0,TATACC,42
2637.0,GAACCC,42
2637.0,TGAATC,42
2637.0,CTAGTT,42
2637.0,CTATTG,42
2637.0,GCCAAT,42
2637.0,CTATGC,42
2637.0,GAGTAA,42
2637.0,GACATC,42
2637.0,GACTTA,42
2637.0,TATGAC,42
2637.0,GACCAC,42
2637.0,GCCCAT,42
2666.5,GTCTAG,41
2666.5,TATCAG,41
2666.5,GCACCC,41
2666.5,ACTAAT,41
2666.5,ATAGTC,41
2666.5,GGGGGC,41
2666.5,GATATA,41
2666.5,GCATAG,41
2666.5,GGTTAT,41
2666.5,AGGGTA,41
2666.5,GTTATG,41
2666.5,TGGTAC,41
2666.5,ATTGTC,41
2666.5,TTACCC,41
2666.5,TTGCCC,41
2666.5,GCTAGC,41
2666.5,TATATC,41
2666.5,CTGATC,41
2666.5,GAGTAT,41
2666.5,GCAATG,41
2666.5,ACAATC,41
2666.5,GATCAA,41
2666.5,GACAAT,41
2666.5,CCTAGC,41
2666.5,GCAATT,41
2666.5,GGGGTC,41
2666.5,ATGTCC,41
2666.5,CACTAT,41
2666.5,GAAGTA,41
2666.5,TGATCC,41
2666.5,GCCTAA,41
2666.5,CATGAG,41
2696.5,AACTGC,40
2696.5,GGGCCC,40
2696.5,TGACTA,40
2696.5,GTTATA,40
2696.5,GATGTA,40
2696.5,GTGCAA,40
2696.5,CTATCA,40
2696.5,CCTACC,40
2696.5,ATACTC,40
2696.5,TATGCC,40
2696.5,GTTGAG,40
2696.5,TACTGC,40
2696.5,GGGTAC,40
2696.5,CATAAG,40
2696.5,GTTTAC,40
2696.5,TAGTTC,40
2696.5,TTAGAC,40
2696.5,GACCAT,40
2696.5,GTATAA,40
2696.5,GATTGT,40
2696.5,GGGCAC,40
2696.5,TAGGAT,40
2696.5,GGGTTA,40
2696.5,AGTACC,40
2696.5,CCATTA,40
2696.5,TATGTC,40
2696.5,GGCTAC,40
2696.5,TAGCAC,40
2722.0,GTAAAC,39
2722.0,TAGCAA,39
2722.0,CTACAC,39
2722.0,AATTGC,39
2722.0,GGTAGC,39
2722.0,GTCTAA,39
2722.0,TTATCC,39
2722.0,AACTAC,39
2722.0,GGTCAA,39
2722.0,AGGTTA,39
2722.0,GCCATA,39
2722.0,TTGCAC,39
2722.0,GCTAGT,39
2722.0,GATTGC,39
2722.0,CCAATC,39
2722.0,CACGTG,39
2722.0,GCCTTA,39
2722.0,GTTACT,39
2722.0,GTCAAC,39
2722.0,TACCCT,39
2722.0,GTTAGT,39
2722.0,ATTGGG,39
2722.0,GTGGTC,39
2746.5,GCTACT,38
2746.5,CAGTAC,38
2746.5,GCCTAG,38
2746.5,GGTTCA,38
2746.5,GTAATC,38
2746.5,GTAATA,38
2746.5,GTTAAC,38
2746.5,CAATAC,38
2746.5,ATTAGC,38
2746.5,TACTAC,38
2746.5,GTTGAC,38
2746.5,CTATCC,38
2746.5,GTGATA,38
2746.5,AGTATC,38
2746.5,GCAACC,38
2746.5,GTGTTA,38
2746.5,GGATCC,38
2746.5,TTACTC,38
2746.5,ATTGGC,38
2746.5,GTTCAC,38
2746.5,GAATAC,38
2746.5,TGATAG,38
2746.5,AGGTAC,38
2746.5,GCCCTA,38
2746.5,GCTCTA,38
2746.5,GCTACC,38
2770.0,GACTAT,37
2770.0,GGCACC,37
2770.0,TGATAC,37
2770.0,CCTATG,37
2770.0,TACCTA,37
2770.0,CCATAC,37
2770.0,CCAATT,37
2770.0,GCTCAA,37
2770.0,CCTATC,37
2770.0,GGTATT,37
2770.0,TATAGG,37
2770.0,GCTAAT,37
2770.0,GGATCA,37
2770.0,TATTAC,37
2770.0,TAGGCC,37
2770.0,TTAGTA,37
2770.0,GCTAGA,37
2770.0,CAATTG,37
2770.0,GTATCC,37
2770.0,GCCTAT,37
2770.0,GTGGAC,37
2789.5,GTACCT,36
2789.5,GTAATG,36
2789.5,GCTTAC,36
2789.5,GCTTGA,36
2789.5,GGACCC,36
2789.5,ACTAAC,36
2789.5,CTAGGC,36
2789.5,TACCCC,36
2789.5,ACCTAC,36
2789.5,TAGGGT,36
2789.5,ACCTAT,36
2789.5,GATACT,36
2789.5,GGGATA,36
2789.5,TCAACC,36
2789.5,GGAGTA,36
2789.5,CTAGAT,36
2789.5,CCTTAC,36
2789.5,GCAGTA,36
2805.0,GTTAGG,35
2805.0,GATCTA,35
2805.0,GATAAC,35
2805.0,GTATTA,35
2805.0,GGCAAT,35
2805.0,CTAACC,35
2805.0,GTCATA,35
2805.0,TAGTCA,35
2805.0,ATTACC,35
2805.0,GTATAG,35
2805.0,GGTGTA,35
2805.0,GGTTAG,35
2805.0,GATAGC,35
2817.0,CATAAC,34
2817.0,GTAGGC,34
2817.0,GCATAC,34
2817.0,TAAGCC,34
2817.0,CTAGGT,34
2817.0,TGCAAC,34
2817.0,ATACTA,34
2817.0,GCCAAC,34
2817.0,GGGTAA,34
2817.0,GGTACT,34
2817.0,GGGATC,34
2829.5,GCTTAA,33
2829.5,TATTGC,33
2829.5,TATCAC,33
2829.5,GACCCC,33
2829.5,TAGTAG,33
2829.5,GATACC,33
2829.5,GGTTGA,33
2829.5,CCTAAT,33
2829.5,GCAATC,33
2829.5,AATCTA,33
2829.5,CATTAC,33
2829.5,TAGGTT,33
2829.5,GATAGG,33
2829.5,GATAGT,33
2844.5,GCGTGT,32
2844.5,TACACC,32
2844.5,CTAATC,32
2844.5,TAGGGG,32
2844.5,CTCGAA,32
2844.5,ATAACC,32
2844.5,GCATAA,32
2844.5,CCGGGC,32
2844.5,GGTAAT,32
2844.5,GCTAAC,32
2844.5,GCTATC,32
2844.5,CATAGG,32
2844.5,GGTAGT,32
2844.5,GGATTG,32
2844.5,TAGTGC,32
2844.5,AATAGG,32
2859.5,GTTGGC,31
2859.5,TTGGGC,31
2859.5,ATAGGG,31
2859.5,ATTGAC,31
2859.5,GTATTG,31
2859.5,GCCTAC,31
2859.5,TTGACC,31
2859.5,TACTAG,31
2859.5,TTGGAC,31
2859.5,ATAGGT,31
2859.5,GATTAG,31
2859.5,GGCAAC,31
2859.5,CAATAG,31
2859.5,ACTAGT,31
2869.5,GTTAGC,30
2869.5,GTACTC,30
2869.5,TATTGG,30
2869.5,GCAACT,30
2869.5,GGTATA,30
2869.5,ATAGGC,30
2877.0,GGCGGG,29
2877.0,GACTAC,29
2877.0,CTCGGG,29
2877.0,TAGTAC,29
2877.0,CACACG,29
2877.0,TTAAGC,29
2877.0,AGTTGC,29
2877.0,GGCCTA,29
2877.0,CACGCA,29
2887.5,GATTGG,28
2887.5,CACTAC,28
2887.5,TAGTCC,28
2887.5,GTCCAC,28
2887.5,TTAGGC,28
2887.5,ATTGCC,28
2887.5,GGCGTG,28
2887.5,GGTCCA,28
2887.5,CCCGGC,28
2887.5,TAGGGC,28
2887.5,ACTAGG,28
2887.5,TGTACC,28
2902.0,GTCAAT,27
2902.0,GGGGTA,27
2902.0,GGTTAC,27
2902.0,CACTAG,27
2902.0,GTAGTC,27
2902.0,ACTAGC,27
2902.0,GTTATC,27
2902.0,GATTGA,27
2902.0,CCGCCT,27
2902.0,GTACCC,27
2902.0,TTATGC,27
2902.0,GTTACC,27
2902.0,GATTAC,27
2902.0,CCACGC,27
2902.0,ACTACC,27
2902.0,GATATC,27
2902.0,CGCTGC,27
2913.5,ATCAAC,26
2913.5,GTATAC,26
2913.5,GGTATC,26
2913.5,GTAACC,26
2913.5,GGGGCC,26
2913.5,TGCGTG,26
2919.5,ACGTGG,25
2919.5,GTACTA,25
2919.5,CGTGGG,25
2919.5,CGCAGG,25
2919.5,TTCGAG,25
2919.5,GTATGC,25
2927.0,CCGCCC,24
2927.0,CGTGTG,24
2927.0,CCCGGG,24
2927.0,GGTAAC,24
2927.0,CTGGCG,24
2927.0,ACACGC,24
2927.0,GCCTCG,24
2927.0,CCTCGG,24
2927.0,CGCCTT,24
2938.0,GTTGCA,23
2938.0,GGATAC,23
2938.0,TCGAGG,23
2938.0,GCACTA,23
2938.0,TGGCCG,23
2938.0,CGGGGC,23
2938.0,CCGAGT,23
2938.0,ACCCGA,23
2938.0,CCCGAG,23
2938.0,CCCCGG,23
2938.0,TAGGTC,23
2938.0,CGCACA,23
2938.0,CCGGGG,23
2950.0,CCAGCG,22
2950.0,GCGTGC,22
2950.0,TTTTCG,22
2950.0,CGTCTC,22
2950.0,CGTGCA,22
2950.0,GCGGAG,22
2950.0,TGCACG,22
2950.0,CGCAGA,22
2950.0,CAGCGC,22
2950.0,GCGGGG,22
2950.0,CGAAGG,22
2964.5,ACGCTC,21
2964.5,ACGGGA,21
2964.5,CGGCTC,21
2964.5,CTCTCG,21
2964.5,CGGTGG,21
2964.5,CCCCGT,21
2964.5,TCCGAG,21
2964.5,GCGTGG,21
2964.5,CACTCG,21
2964.5,CGCTGA,21
2964.5,CAGCCG,21
2964.5,CGAGGC,21
2964.5,CCACGG,21
2964.5,ACTATC,21
2964.5,TCCGGG,21
2964.5,GCCGTG,21
2964.5,CGGAGC,21
2964.5,GTCTCG,21
2981.0,AGCGAG,20
2981.0,CGCTCT,20
2981.0,CGGGAG,20
2981.0,GCACGC,20
2981.0,GAGTAC,20
2981.0,GCCCCG,20
2981.0,CCGTGG,20
2981.0,CCACGT,20
2981.0,GCGTTT,20
2981.0,GTCACG,20
2981.0,GGGCGG,20
2981.0,CACGGC,20
2981.0,CTCGTG,20
2981.0,TTCCCG,20
2981.0,CCGTGC,20
3004.0,TCCACG,19
3004.0,GCGCTG,19
3004.0,TTCGGT,19
3004.0,AATCCG,19
3004.0,ACGTCT,19
3004.0,CCGAGA,19
3004.0,GCGCAG,19
3004.0,CACCGT,19
3004.0,CCCCGC,19
3004.0,GCCGGG,19
3004.0,CGTTCT,19
3004.0,AGGCGG,19
3004.0,ACGAGA,19
3004.0,TGGCGA,19
3004.0,TCGTTA,19
3004.0,CACGTT,19
3004.0,CGTGCT,19
3004.0,CCCGTG,19
3004.0,CGAGAG,19
3004.0,CGGAGT,19
3004.0,CGGCAG,19
3004.0,GGTACC,19
3004.0,TCGAAC,19
3004.0,AACGTG,19
3004.0,CGAACT,19
3004.0,TCGGAG,19
3004.0,TCCCGA,19
3004.0,CTCGCT,19
3004.0,ACGAAA,19
3004.0,AGCGCT,19
3004.0,AGCGTG,19
3039.5,TCACCG,18
3039.5,GGCACG,18
3039.5,ACGAGT,18
3039.5,GCCGCC,18
3039.5,CCACCG,18
3039.5,ACGTCA,18
3039.5,TCGTTT,18
3039.5,CCGGGA,18
3039.5,TCGTGC,18
3039.5,AACTCG,18
3039.5,TCTCGG,18
3039.5,CCCGTC,18
3039.5,TCCCCG,18
3039.5,ACGTTT,18
3039.5,CTTCCG,18
3039.5,CGGCCT,18
3039.5,CAGGCG,18
3039.5,CGCAGC,18
3039.5,CGTCCT,18
3039.5,CGCCCT,18
3039.5,ACGCAG,18
3039.5,CGGGGG,18
3039.5,TTCGTT,18
3039.5,CACGCC,18
3039.5,CATCGT,18
3039.5,CGCCCC,18
3039.5,AGCCGA,18
3039.5,CGAGGT,18
3039.5,CGCCTG,18
3039.5,CGGCTG,18
3039.5,CCCGGT,18
3039.5,TGTCGG,18
3039.5,CGTTTT,18
3039.5,ACACGG,18
3039.5,GTGCGT,18
3039.5,CCTCCG,18
3039.5,ACGTGA,18
3039.5,CCTCGA,18
3039.5,GCGGTG,18
3039.5,GTGCCG,18
3077.5,ACGTGT,17
3077.5,CACGGA,17
3077.5,CCGGGT,17
3077.5,TCGTGA,17
3077.5,AGGCGT,17
3077.5,CGACTT,17
3077.5,CGAGGG,17
3077.5,GTGCGC,17
3077.5,TCGGCC,17
3077.5,CCCGCC,17
3077.5,CCGTCC,17
3077.5,CCGAGC,17
3077.5,CTTCGG,17
3077.5,CAGCGG,17
3077.5,CGGAAC,17
3077.5,GGCCGG,17
3077.5,GACACG,17
3077.5,CCGTCT,17
3077.5,AAACGC,17
3077.5,CCACGA,17
3077.5,AAACGA,17
3077.5,CCGAGG,17
3077.5,GTCCCG,17
3077.5,AAGACG,17
3077.5,CGGAGG,17
3077.5,CTCGGC,17
3077.5,CACCCG,17
3077.5,GGCGCT,17
3077.5,CTTTCG,17
3077.5,AACACG,17
3077.5,TCACGT,17
3077.5,CCTGCG,17
3077.5,GCCCGG,17
3077.5,CCCGGA,17
3077.5,TCTCGT,17
3077.5,ACTCGG,17
3118.5,AGGGCG,16
3118.5,CACGGG,16
3118.5,CAAGCG,16
3118.5,CCGCAG,16
3118.5,GAGCGC,16
3118.5,TGGCGT,16
3118.5,GCGGGA,16
3118.5,CGCCAC,16
3118.5,CGGCCA,16
3118.5,ACGCAC,16
3118.5,TCCCGT,16
3118.5,GCCCGT,16
3118.5,GTCGGG,16
3118.5,TGAACG,16
3118.5,ACGGAA,16
3118.5,AGACGG,16
3118.5,GCACGT,16
3118.5,TCGCTG,16
3118.5,CACGCT,16
3118.5,CGAAAA,16
3118.5,ATCCGA,16
3118.5,ACCACG,16
3118.5,TGTCGT,16
3118.5,AACGAA,16
3118.5,GCCACG,16
3118.5,CTCGGA,16
3118.5,CCCGCT,16
3118.5,GAGCGA,16
3118.5,CTCGTC,16
3118.5,CAGCGA,16
3118.5,GCGGCA,16
3118.5,CGAGTC,16
3118.5,CTCCGG,16
3118.5,GGGGCG,16
3118.5,CGCCAT,16
3118.5,TCGAGA,16
3118.5,CGGGGA,16
3118.5,AGACGT,16
3118.5,GACCCG,16
3118.5,AGGCCG,16
3118.5,AAGGCG,16
3118.5,CGAACA,16
3118.5,TCGGTG,16
3118.5,CGGTTT,16
3118.5,CGCTCC,16
3118.5,CACGTC,16
3167.5,GCTCCG,15
3167.5,TTCACG,15
3167.5,CCGGCC,15
3167.5,CCCCGA,15
3167.5,AAAACG,15
3167.5,GTTCGA,15
3167.5,CACGAG,15
3167.5,TAACGT,15
3167.5,ACGTTC,15
3167.5,TCAGCG,15
3167.5,CGAGAC,15
3167.5,ATGCGT,15
3167.5,AACGGA,15
3167.5,GCGCCT,15
3167.5,CGGAGA,15
3167.5,ACTCCG,15
3167.5,CGAGCC,15
3167.5,AGGACG,15
3167.5,AGCGGG,15
3167.5,ATTCGT,15
3167.5,CGAGTG,15
3167.5,CGTAAA,15
3167.5,CGCTTC,15
3167.5,ACGTAA,15
3167.5,TCCGTT,15
3167.5,AGAACG,15
3167.5,ACGAAG,15
3167.5,CGTTTC,15
3167.5,CAGTCG,15
3167.5,ACCCGG,15
3167.5,ATCACG,15
3167.5,GCGTTC,15
3167.5,ACGGAG,15
3167.5,CGGGAC,15
3167.5,TACGGA,15
3167.5,CCTCGT,15
3167.5,CGGTGT,15
3167.5,TCACGG,15
3167.5,GCGCCA,15
3167.5,CTCCCG,15
3167.5,CGCCTC,15
3167.5,CGCTGG,15
3167.5,TACGTA,15
3167.5,TACGTG,15
3167.5,CGGTGA,15
3167.5,GCAGCG,15
3167.5,GACGAG,15
3167.5,GGCGGA,15
3167.5,CATCCG,15
3167.5,CCCGAC,15
3167.5,TGGCGC,15
3167.5,CGGGGT,15
3223.5,TGGACG,14
3223.5,CGTTCC,14
3223.5,AGCCGG,14
3223.5,CTGTCG,14
3223.5,ACCCCG,14
3223.5,AAGCGT,14
3223.5,CGTCAG,14
3223.5,TCCGGA,14
3223.5,TTTCGA,14
3223.5,CGTTGT,14
3223.5,TCCCGC,14
3223.5,TCGGTT,14
3223.5,TGCCCG,14
3223.5,CGAAGA,14
3223.5,CGCACT,14
3223.5,CGCAAA,14
3223.5,TCGGGA,14
3223.5,TTGCCG,14
3223.5,ATTTCG,14
3223.5,CGCACC,14
3223.5,AACCGA,14
3223.5,TCGCCT,14
3223.5,CCATCG,14
3223.5,TTCCGT,14
3223.5,CTCGAG,14
3223.5,TGCGCA,14
3223.5,TCCGCC,14
3223.5,GACGTG,14
3223.5,CCGGAA,14
3223.5,CGGACA,14
3223.5,CGTGGA,14
3223.5,GTGGCG,14
3223.5,TACACG,14
3223.5,CCGATG,14
3223.5,CTTCGA,14
3223.5,GCGGGC,14
3223.5,AACGCT,14
3223.5,TCCGTG,14
3223.5,CTGCGT,14
3223.5,GCCGTC,14
3223.5,CGTCTG,14
3223.5,GCACGG,14
3223.5,ACGGTG,14
3223.5,CCGCCA,14
3223.5,CGGGAA,14
3223.5,CATGCG,14
3223.5,ACAGCG,14
3223.5,GCGGGT,14
3223.5,CCGTGA,14
3223.5,TGCGGG,14
3223.5,CGTGGT,14
3223.5,ACACGA,14
3223.5,AGCCGC,14
3223.5,ACACGT,14
3223.5,CGGAAG,14
3223.5,TGGCGG,14
3223.5,CGACAT,14
3223.5,CGTATT,14
3223.5,TCGGGG,14
3223.5,CAAACG,14
3279.5,CCGCTG,13
3279.5,CGTTAG,13
3279.5,TCATCG,13
3279.5,CGAGGA,13
3279.5,GAGGCG,13
3279.5,CGTGTC,13
3279.5,CTCGGT,13
3279.5,GGCCGT,13
3279.5,TCCTCG,13
3279.5,TGTCGC,13
3279.5,GAGCCG,13
3279.5,AGCCGT,13
3279.5,CACGTA,13
3279.5,CAGCGT,13
3279.5,CCGGAG,13
3279.5,CGCCCG,13
3279.5,TTCGGA,13
3279.5,ATCTCG,13
3279.5,GGATCG,13
3279.5,TGCCGG,13
3279.5,GCGCAC,13
3279.5,CGGGCA,13
3279.5,TCGAGT,13
3279.5,CTCCGT,13
3279.5,AGCACG,13
3279.5,AGCCCG,13
3279.5,TCGGAA,13
3279.5,TAAACG,13
3279.5,CCGGCA,13
3279.5,CTCGTT,13
3279.5,GAGCGT,13
3279.5,CCGTTT,13
3279.5,TCGCTC,13
3279.5,TCCGAT,13
3279.5,TCAACG,13
3279.5,TCCCGG,13
3279.5,GGAGCG,13
3279.5,ACGAAT,13
3279.5,ACGAGC,13
3279.5,ACGCCT,13
3279.5,CGAAAG,13
3279.5,CACGGT,13
3279.5,AGCGGT,13
3279.5,ACGGGG,13
3279.5,ACCGAA,13
3279.5,AGCGTT,13
3279.5,AGCGAT,13
3279.5,GGCCCG,13
3279.5,CCGACC,13
3279.5,CCCACG,13
3279.5,GATGCG,13
3279.5,TGTGCG,13
3336.5,CCCGAA,12
3336.5,TTACGT,12
3336.5,TGCCGA,12
3336.5,TCGTTC,12
3336.5,ACGGGC,12
3336.5,AACGCA,12
3336.5,GCGGAA,12
3336.5,CACGAA,12
3336.5,AGCGTC,12
3336.5,ATACGT,12
3336.5,CTGCGG,12
3336.5,GGAACG,12
3336.5,CTTGCG,12
3336.5,TCGTGG,12
3336.5,CGATGG,12
3336.5,AGCGCA,12
3336.5,TGCCGC,12
3336.5,GAAGCG,12
3336.5,CGGGTG,12
3336.5,GGCGCA,12
3336.5,CGTTTG,12
3336.5,TAGCCG,12
3336.5,GCCGCT,12
3336.5,ACCGCC,12
3336.5,GATCGA,12
3336.5,CTCCGC,12
3336.5,ATCCGC,12
3336.5,ACCCGC,12
3336.5,CGGGCT,12
3336.5,GGGCGT,12
3336.5,CGCCCA,12
3336.5,AAACGT,12
3336.5,TGCGTT,12
3336.5,CCGAAG,12
3336.5,CGCCAG,12
3336.5,CTGCGA,12
3336.5,CGGCTT,12
3336.5,CGTGAC,12
3336.5,GGGACG,12
3336.5,CTCGCC,12
3336.5,AAGCCG,12
3336.5,ATACGG,12
3336.5,CGTTGG,12
3336.5,CTCACG,12
3336.5,ACGGAT,12
3336.5,TTTCGT,12
3336.5,AACGAG,12
3336.5,AGCTCG,12
3336.5,TTAACG,12
3336.5,CGTGGC,12
3336.5,TGAGCG,12
3336.5,GCGGCC,12
3336.5,CGCAGT,12
3336.5,CCGACT,12
3336.5,GACGGC,12
3336.5,GTCGCT,12
3336.5,CGTTCA,12
3336.5,CGGTGC,12
3336.5,TGCGTC,12
3336.5,TTCGAA,12
3336.5,TGCGCT,12
3336.5,CCGCTC,12
3401.0,CGTGAT,11
3401.0,TCTCGC,11
3401.0,CTGCGC,11
3401.0,ATCGAT,11
3401.0,TTCGAT,11
3401.0,ACGGCA,11
3401.0,CCGGTG,11
3401.0,ATCGTG,11
3401.0,TCCGCA,11
3401.0,TCCGCT,11
3401.0,CTTCGT,11
3401.0,AACGTA,11
3401.0,TCGCAG,11
3401.0,CACGAT,11
3401.0,CGCTGT,11
3401.0,ACGCTG,11
3401.0,GTGCGG,11
3401.0,TCGCCC,11
3401.0,TGACGT,11
3401.0,CGAGAA,11
3401.0,CGGTTA,11
3401.0,TGCCGT,11
3401.0,TACGTT,11
3401.0,ACGCCC,11
3401.0,CCCTCG,11
3401.0,CGAGTT,11
3401.0,GTCGCC,11
3401.0,AACCCG,11
3401.0,GTACGT,11
3401.0,CCTTCG,11
3401.0,CGGATC,11
3401.0,TGCGCC,11
3401.0,GAACGC,11
3401.0,TCGCCA,11
3401.0,ATGACG,11
3401.0,CGAGAT,11
3401.0,TTACCG,11
3401.0,TCCGGT,11
3401.0,CGACCT,11
3401.0,GGCGGC,11
3401.0,ACGCTT,11
3401.0,ATCCGT,11
3401.0,CGGGCC,11
3401.0,TCCGAA,11
3401.0,CCGACA,11
3401.0,ACGCTA,11
3401.0,CGGGTT,11
3401.0,TCGGCA,11
3401.0,TGCGAG,11
3401.0,CCGTAT,11
3401.0,GAGTCG,11
3401.0,TCCGAC,11
3401.0,ACGTAG,11
3401.0,AGGTCG,11
3401.0,GCGGCT,11
3401.0,GGGTCG,11
3401.0,CCGTAA,11
3401.0,CGCATC,11
3401.0,TCGAAA,11
3401.0,TCGAAT,11
3401.0,TCGAAG,11
3401.0,TACGTC,11
3401.0,TCGTCT,11
3401.0,GCCGCA,11
3401.0,TCGTGT,11
3401.0,CGAATT,11
3401.0,AAACGG,11
3478.5,ACGACA,10
3478.5,CGACAA,10
3478.5,TCTCCG,10
3478.5,AACCGT,10
3478.5,GGCTCG,10
3478.5,CTACGT,10
3478.5,ACACCG,10
3478.5,TACCGA,10
3478.5,GCGCTC,10
3478.5,ACGTTG,10
3478.5,CATCGG,10
3478.5,CGCATA,10
3478.5,CCGAAT,10
3478.5,TTGTCG,10
3478.5,CATTCG,10
3478.5,GACTCG,10
3478.5,AAAGCG,10
3478.5,GGCGAT,10
3478.5,GACCGG,10
3478.5,CGATTC,10
3478.5,ATCGGA,10
3478.5,TTAGCG,10
3478.5,TAGCGG,10
3478.5,ATCGCT,10
3478.5,TTTCCG,10
3478.5,CTCCGA,10
3478.5,ACGCAA,10
3478.5,TTCGTG,10
3478.5,TACGAA,10
3478.5,CCGCGG,10
3478.5,GCGTCA,10
3478.5,CTGCCG,10
3478.5,GCCCGC,10
3478.5,CAGACG,10
3478.5,CGAGTA,10
3478.5,TCGGCT,10
3478.5,AAATCG,10
3478.5,CCGGCT,10
3478.5,TGGTCG,10
3478.5,CGTCAT,10
3478.5,CGGGCG,10
3478.5,TGCTCG,10
3478.5,CCGCCG,10
3478.5,CGACTC,10
3478.5,CGGATG,10
3478.5,GCATCG,10
3478.5,CGGTTG,10
3478.5,CTTACG,10
3478.5,TGCGAT,10
3478.5,CTACGG,10
3478.5,CGACCA,10
3478.5,GTCGGA,10
3478.5,AGAGCG,10
3478.5,CCTCGC,10
3478.5,ACCGCA,10
3478.5,GAACGG,10
3478.5,TCGATG,10
3478.5,GAATCG,10
3478.5,ACTGCG,10
3478.5,AACGTC,10
3478.5,CCGGCG,10
3478.5,TTCCGA,10
3478.5,GGCGGT,10
3478.5,CTCGCA,10
3478.5,TCTTCG,10
3478.5,CGTGAG,10
3478.5,CTTCGC,10
3478.5,TCGCTT,10
3478.5,GCGCTT,10
3478.5,GCCGAG,10
3478.5,TTGGCG,10
3478.5,CCCGCA,10
3478.5,CGTGAA,10
3478.5,CCGCAC,10
3478.5,GCCGGC,10
3478.5,CGTTAA,10
3478.5,TGGGCG,10
3478.5,TCGACT,10
3478.5,ACGGCT,10
3478.5,ACTCGA,10
3478.5,ATCGAG,10
3478.5,GTCGAG,10
3478.5,GAGACG,10
3478.5,CCCGTT,10
3478.5,GGTGCG,10
3478.5,TGCGGA,10
3478.5,CGGATT,10
3478.5,GACGGG,10
3564.5,GCGAAG,9
3564.5,GTCGGT,9
3564.5,CGCGGC,9
3564.5,ACGGCC,9
3564.5,CGTCGT,9
3564.5,TTCGCA,9
3564.5,GTTCGG,9
3564.5,GCGCAT,9
3564.5,GACGAT,9
3564.5,GCGGCG,9
3564.5,TTCGCC,9
3564.5,ACCGGA,9
3564.5,GGGCGC,9
3564.5,ATGCGA,9
3564.5,AGACGC,9
3564.5,AGCGAA,9
3564.5,ACAACG,9
3564.5,CGTCAC,9
3564.5,CGGTTC,9
3564.5,TTGCGT,9
3564.5,ACGTTA,9
3564.5,GGACGA,9
3564.5,CGGACT,9
3564.5,ATCGGG,9
3564.5,CGCTTG,9
3564.5,CGTATA,9
3564.5,GTTTCG,9
3564.5,GCTCGG,9
3564.5,GACCGA,9
3564.5,GCGAGC,9
3564.5,GAACGT,9
3564.5,CGGCCC,9
3564.5,CGCTAT,9
3564.5,CGATGT,9
3564.5,CGTAGA,9
3564.5,GGCGTC,9
3564.5,CTCGAT,9
3564.5,CCGTTC,9
3564.5,TCGGTC,9
3564.5,AATTCG,9
3564.5,CGGTAT,9
3564.5,AACGAC,9
3564.5,CACCGG,9
3564.5,CGAATG,9
3564.5,CGAAGT,9
3564.5,TTACGA,9
3564.5,GACGGA,9
3564.5,CGGAAA,9
3564.5,CCGTGT,9
3564.5,CGTTGA,9
3564.5,GCAACG,9
3564.5,GAACGA,9
3564.5,TCGGAT,9
3564.5,ACCGCT,9
3564.5,ATGCGC,9
3564.5,ACGGTT,9
3564.5,GTCCGG,9
3564.5,CGTGCC,9
3564.5,TCGACA,9
3564.5,TCTGCG,9
3564.5,CGTTTA,9
3564.5,GCGACT,9
3564.5,ACGTGC,9
3564.5,GGCCGC,9
3564.5,TACGAG,9
3564.5,CGGTCA,9
3564.5,TTTACG,9
3564.5,TTCTCG,9
3564.5,GCCCGA,9
3564.5,GCCGAA,9
3564.5,AGTTCG,9
3564.5,TACCCG,9
3564.5,GAGCGG,9
3564.5,TTACGG,9
3564.5,AAGCGG,9
3564.5,CACCGA,9
3564.5,CACGAC,9
3564.5,CGGCAT,9
3564.5,GCTCGT,9
3564.5,TGTCGA,9
3564.5,CCGTAG,9
3564.5,GCGCAA,9
3564.5,TCACGA,9
3564.5,TCGATT,9
3650.0,AGCGTA,8
3650.0,GCGTGA,8
3650.0,GCGCCC,8
3650.0,GGTCGC,8
3650.0,ATCGTT,8
3650.0,GACGCT,8
3650.0,TGTCCG,8
3650.0,GAAACG,8
3650.0,GACGAC,8
3650.0,GACGCC,8
3650.0,AACGAT,8
3650.0,ATTCGA,8
3650.0,CGTACA,8
3650.0,CTACCG,8
3650.0,GCGAGT,8
3650.0,AGCGGA,8
3650.0,TACCGT,8
3650.0,GCGAAA,8
3650.0,GCTGCG,8
3650.0,AGATCG,8
3650.0,CCGGTA,8
3650.0,CAACGA,8
3650.0,GCGATG,8
3650.0,GCGCGC,8
3650.0,AGTACG,8
3650.0,CCGGTC,8
3650.0,CGGGTC,8
3650.0,ATGTCG,8
3650.0,GGCGAG,8
3650.0,AGCGGC,8
3650.0,TTCCGG,8
3650.0,TACTCG,8
3650.0,GGCGTT,8
3650.0,GGACCG,8
3650.0,GCCGAT,8
3650.0,GCTCGA,8
3650.0,AGTGCG,8
3650.0,ACGTCC,8
3650.0,GGGCCG,8
3650.0,AACCGG,8
3650.0,TAGGCG,8
3650.0,ACCGTC,8
3650.0,TGACGC,8
3650.0,AGTCCG,8
3650.0,CCGGAT,8
3650.0,AATCGA,8
3650.0,TGCGGC,8
3650.0,CGACTA,8
3650.0,ACGGGT,8
3650.0,CGACAG,8
3650.0,GCCGGA,8
3650.0,GCGTTA,8
3650.0,ACCGGC,8
3650.0,ACCGAG,8
3650.0,CGCGTG,8
3650.0,CGCATT,8
3650.0,CGAGCA,8
3650.0,CCGATT,8
3650.0,CGGCTA,8
3650.0,CGTCTT,8
3650.0,CCGAAC,8
3650.0,CGGCGG,8
3650.0,AGTCGG,8
3650.0,CGCGGG,8
3650.0,GTCGAT,8
3650.0,GTCGTG,8
3650.0,GGCCGA,8
3650.0,TCTCGA,8
3650.0,AACGGT,8
3650.0,CGTCCC,8
3650.0,GACGAA,8
3650.0,AAGCGA,8
3650.0,CGAAAC,8
3650.0,GTTACG,8
3650.0,GGACGC,8
3650.0,GCGAGG,8
3650.0,CCGAAA,8
3650.0,CGGGAT,8
3650.0,CGGGTA,8
3650.0,TTCGGC,8
3650.0,CATCGA,8
3650.0,GGTCGT,8
3650.0,CCAACG,8
3650.0,TGACGG,8
3650.0,TGATCG,8
3650.0,CTAACG,8
3650.0,ATTACG,8
3743.5,CGACAC,7
3743.5,TCGCAT,7
3743.5,TAGCGA,7
3743.5,AGACCG,7
3743.5,ATCCCG,7
3743.5,CAACGG,7
3743.5,CGTTCG,7
3743.5,CCGTCA,7
3743.5,CGATCA,7
3743.5,GCTTCG,7
3743.5,ATCGGT,7
3743.5,AGCGCC,7
3743.5,AAACCG,7
3743.5,TCCGTA,7
3743.5,TCGCCG,7
3743.5,CGACCC,7
3743.5,CGGAAT,7
3743.5,CTCGAC,7
3743.5,ATCGAC,7
3743.5,ACGCAT,7
3743.5,TCGGTA,7
3743.5,TGCGTA,7
3743.5,CGAAGC,7
3743.5,GATCCG,7
3743.5,AATCGG,7
3743.5,CGATGC,7
3743.5,GGCGAC,7
3743.5,CGGATA,7
3743.5,CCCGAT,7
3743.5,CTCGCG,7
3743.5,CCGGTT,7
3743.5,AACCGC,7
3743.5,CGTTAT,7
3743.5,GCGGAT,7
3743.5,GCGTCT,7
3743.5,GCCGCG,7
3743.5,TTCGTC,7
3743.5,CGCCAA,7
3743.5,TCGAGC,7
3743.5,ACCGGG,7
3743.5,TCCGGC,7
3743.5,GCGTCC,7
3743.5,ATAACG,7
3743.5,TAACGC,7
3743.5,GCGGTT,7
3743.5,CGCAAT,7
3743.5,TATACG,7
3743.5,GCCGGT,7
3743.5,TTGCGG,7
3743.5,ACGGTA,7
3743.5,GCTCGC,7
3743.5,CGCGCT,7
3743.5,TCGCAC,7
3743.5,TAGACG,7
3743.5,ACTTCG,7
3743.5,GGACGT,7
3743.5,ACGACT,7
3743.5,ACGCCA,7
3743.5,AGGCGC,7
3743.5,CACCGC,7
3743.5,CATCGC,7
3743.5,TCACGC,7
3743.5,CGCTTT,7
3743.5,CGCTTA,7
3743.5,GCGATT,7
3743.5,CGTGCG,7
3743.5,TTCGGG,7
3743.5,CTACGA,7
3743.5,GCCGTA,7
3743.5,ATACGA,7
3743.5,ACGGAC,7
3743.5,CAACCG,7
3743.5,ACGTAT,7
3743.5,GACCGT,7
3743.5,CGTAGG,7
3743.5,CGCCTA,7
3743.5,CAACGT,7
3743.5,CGCATG,7
3743.5,ACGATG,7
3743.5,TCGCTA,7
3743.5,GTCCGT,7
3743.5,ACCTCG,7
3743.5,CCGTTG,7
3743.5,TTGCGA,7
3743.5,GATTCG,7
3743.5,CGCTCA,7
3743.5,TAAGCG,7
3743.5,TGCGGT,7
3743.5,AACGCC,7
3743.5,TTCGTA,7
3743.5,CGTGTT,7
3743.5,TTGCGC,7
3743.5,GGTACG,7
3743.5,GTCGTT,7
3743.5,ATTCCG,7
3743.5,CCCCCG,7
3743.5,CGGTCT,7
3743.5,ATGCCG,7
3743.5,CGTCCA,7
3743.5,GCTACG,7
3835.5,GGCGCC,6
3835.5,GACGGT,6
3835.5,GGTCGA,6
3835.5,CGTAAG,6
3835.5,GCGAGA,6
3835.5,CGGCAC,6
3835.5,TTACGC,6
3835.5,AGTCGT,6
3835.5,CCGATC,6
3835.5,ATAGCG,6
3835.5,CGATCC,6
3835.5,TCGGGT,6
3835.5,GGTTCG,6
3835.5,CGGTAG,6
3835.5,ATCGCA,6
3835.5,TGACGA,6
3835.5,TATCGC,6
3835.5,CTCGTA,6
3835.5,GTGTCG,6
3835.5,TCGGCG,6
3835.5,CTGACG,6
3835.5,GACGTC,6
3835.5,ACGAAC,6
3835.5,GACGCA,6
3835.5,GTCGTC,6
3835.5,TACGGT,6
3835.5,CGATCT,6
3835.5,GTTGCG,6
3835.5,ACGAGG,6
3835.5,AGCGAC,6
3835.5,CGCAAG,6
3835.5,TATGCG,6
3835.5,TAATCG,6
3835.5,ACGACC,6
3835.5,TGTTCG,6
3835.5,GGGCGA,6
3835.5,CATACG,6
3835.5,CGCTAA,6
3835.5,GCGACC,6
3835.5,AGGCGA,6
3835.5,ATCGGC,6
3835.5,AAGTCG,6
3835.5,CAACGC,6
3835.5,GGACGG,6
3835.5,GCACCG,6
3835.5,ACCGTA,6
3835.5,CCTACG,6
3835.5,AAGCGC,6
3835.5,TTTCGG,6
3835.5,TACGCA,6
3835.5,CGTTAC,6
3835.5,ACTCGT,6
3835.5,GCGGTA,6
3835.5,ATATCG,6
3835.5,CGTGTA,6
3835.5,CGATAC,6
3835.5,CGTCAA,6
3835.5,GCGCGG,6
3835.5,GGCGCG,6
3835.5,AGTCGC,6
3835.5,GTACGG,6
3835.5,CGCCGG,6
3835.5,CGAGCT,6
3835.5,CCGCAT,6
3835.5,CGCTAG,6
3835.5,GGTCGG,6
3835.5,CGATTT,6
3835.5,TGTACG,6
3835.5,ACCGGT,6
3835.5,GCCGAC,6
3835.5,CCCGCG,6
3835.5,GACGTT,6
3835.5,CAATCG,6
3835.5,CGTAAC,6
3835.5,CGTATC,6
3835.5,TTCGCT,6
3835.5,ATTCGG,6
3835.5,GCGTAG,6
3835.5,AGACGA,6
3835.5,GTCCGA,6
3835.5,GCGACA,6
3835.5,ATGGCG,6
3835.5,TCGACC,6
3835.5,CACGCG,6
3916.5,GCCGTT,5
3916.5,CGTACC,5
3916.5,TGACCG,5
3916.5,CGGCGC,5
3916.5,ACTACG,5
3916.5,CGCTAC,5
3916.5,ACGATA,5
3916.5,CGACTG,5
3916.5,TCGTTG,5
3916.5,TCGATA,5
3916.5,TCGGGC,5
3916.5,TCGGAC,5
3916.5,CGCCGC,5
3916.5,TCCGTC,5
3916.5,GCGTTG,5
3916.5,GGCGTA,5
3916.5,TACGGC,5
3916.5,GATCGG,5
3916.5,CCCGTA,5
3916.5,ATTCGC,5
3916.5,CGCCGA,5
3916.5,TATCGA,5
3916.5,TCTACG,5
3916.5,CCGGAC,5
3916.5,AATGCG,5
3916.5,GTACCG,5
3916.5,TTCGAC,5
3916.5,ATCGTC,5
3916.5,GTCGCG,5
3916.5,CCGCGC,5
3916.5,ACGGTC,5
3916.5,GCGGAC,5
3916.5,CGTAGT,5
3916.5,ACGATC,5
3916.5,CGCGAA,5
3916.5,AACGGC,5
3916.5,CCGCGA,5
3916.5,GCGCCG,5
3916.5,CGGCCG,5
3916.5,TACGCC,5
3916.5,CGAACC,5
3916.5,CGCCGT,5
3916.5,TTGACG,5
3916.5,GATCGT,5
3916.5,CGATGA,5
3916.5,CCGCAA,5
3916.5,ATACGC,5
3916.5,CGTCTA,5
3916.5,CCGCTA,5
3916.5,CGCGCC,5
3916.5,TACCGG,5
3916.5,AATACG,5
3916.5,ATCGCC,5
3916.5,CGAATC,5
3916.5,ACGATT,5
3916.5,GTGACG,5
3916.5,GTACGA,5
3916.5,GAACCG,5
3916.5,TACGCT,5
3916.5,ACCCGT,5
3916.5,AATCGT,5
3916.5,CGTAGC,5
3916.5,TCGCGA,5
3916.5,ACGTCG,5
3916.5,CGACGG,5
3916.5,TTCCGC,5
3916.5,CCGTTA,5
3916.5,ACCGTT,5
3916.5,GTAGCG,5
3916.5,ACTCGC,5
3916.5,TCGTCA,5
3916.5,CGGCGT,5
3916.5,CGTTGC,5
3916.5,GTCGGC,5
3916.5,CGATAT,5
3916.5,CGGACG,5
3916.5,CGCACG,5
3916.5,CGCGCA,5
3982.0,ACCGAT,4
3982.0,TTATCG,4
3982.0,AGTCGA,4
3982.0,TCGTAA,4
3982.0,CGTAAT,4
3982.0,GCGTAC,4
3982.0,CCGCTT,4
3982.0,GTCGAA,4
3982.0,ACATCG,4
3982.0,GCGAAT,4
3982.0,GCGTAT,4
3982.0,AACGGG,4
3982.0,GTTCGC,4
3982.0,GCGCGT,4
3982.0,CGCTCG,4
3982.0,CGAAAT,4
3982.0,AATCGC,4
3982.0,GTCCGC,4
3982.0,GCGAAC,4
3982.0,CGTCCG,4
3982.0,GTGCGA,4
3982.0,CGTATG,4
3982.0,CCGCGT,4
3982.0,CGATAG,4
3982.0,ATCCGG,4
3982.0,TAGCGT,4
3982.0,ATACCG,4
3982.0,CGCGCG,4
3982.0,TACGGG,4
3982.0,CGGTAA,4
3982.0,GTCGTA,4
3982.0,TCGATC,4
3982.0,GCGATC,4
3982.0,CGGTAC,4
3982.0,GTTCGT,4
3982.0,CGCGGT,4
3982.0,GGCGAA,4
3982.0,CGGCAA,4
3982.0,TAACGA,4
3982.0,GTTCCG,4
3982.0,TCGTCC,4
3982.0,GTAACG,4
3982.0,GCGATA,4
3982.0,GGTCCG,4
3982.0,ATGCGG,4
3982.0,TATTCG,4
3982.0,AACGTT,4
3982.0,TATCGT,4
3982.0,TCGCGG,4
3982.0,TAACCG,4
3982.0,CGCGAG,4
3982.0,GATCGC,4
3982.0,AGCGCG,4
4026.5,CGTCGA,3
4026.5,GCGGTC,3
4026.5,CGGTCC,3
4026.5,TGCGAA,3
4026.5,TCCGCG,3
4026.5,CGATTA,3
4026.5,ATCGTA,3
4026.5,ACGCGT,3
4026.5,CGCGTA,3
4026.5,TATCGG,3
4026.5,GTCGCA,3
4026.5,TCGTCG,3
4026.5,TACCGC,3
4026.5,GCGTAA,3
4026.5,ACCGTG,3
4026.5,ACCGCG,3
4026.5,CGGCGA,3
4026.5,TACGAC,3
4026.5,TGCGCG,3
4026.5,ATCGAA,3
4026.5,TACGAT,3
4026.5,TATCCG,3
4026.5,ATTGCG,3
4026.5,GTCGAC,3
4026.5,ACGTAC,3
4026.5,ACGACG,3
4026.5,CGCAAC,3
4026.5,GCACGA,3
4026.5,TCGCGC,3
4026.5,CGCGTC,3
4026.5,CGATTG,3
4026.5,CCGTAC,3
4026.5,TAACGG,3
4026.5,TTTCGC,3
4026.5,CCGATA,3
4026.5,TCGTAT,3
4060.5,ACGCGG,2
4060.5,TTCGCG,2
4060.5,GCGACG,2
4060.5,CTACGC,2
4060.5,CTAGCG,2
4060.5,CGTACT,2
4060.5,ACGCGC,2
4060.5,TAGTCG,2
4060.5,TCGCGT,2
4060.5,CGATCG,2
4060.5,TAGCGC,2
4060.5,ACGGCG,2
4060.5,GATACG,2
4060.5,TACGCG,2
4060.5,GCGCTA,2
4060.5,TCGCAA,2
4060.5,GCGCGA,2
4060.5,TCGACG,2
4060.5,ACCGAC,2
4060.5,CGTCGG,2
4060.5,ACGCCG,2
4060.5,TTTGCG,2
4060.5,CGATAA,2
4060.5,CGGACC,2
4060.5,GCGTCG,2
4060.5,AACGCG,2
4060.5,TGCGAC,2
4060.5,CTATCG,2
4060.5,CCGTCG,2
4060.5,GACGTA,2
4060.5,CGAATA,2
4060.5,CGAGCG,2
4085.0,CGCGGA,1
4085.0,CCGACG,1
4085.0,GACGCG,1
4085.0,CGTCGC,1
4085.0,TCGTAG,1
4085.0,CGACGA,1
4085.0,CGACGT,1
4085.0,NNNNAC,1
4085.0,CGGTCG,1
4085.0,CGCGAT,1
4085.0,GTATCG,1
4085.0,CGCGTT,1
4085.0,GACCGC,1
4085.0,TCGTAC,1
4085.0,GTACGC,1
4085.0,CGCGAC,1
4085.0,ATCGCG,1
